"Region","Province","Area","Municipality","Town","Urbanization","Postcode","Long","Lat"
"{'en_US': 'Valencia Community'}","{'en_US': 'Alicante'}","{'en_US': 'Costa Blanca South'}","{'en_US': 'Gran Alacant'}","{'en_US': 'Crevillente'}","","03330","-0.81114","38.24931000000001"
"{'en_US': 'Andalucia'}","{'en_US': 'Córdoba'}","{'en_US': 'Comarca Subbética'}","{'en_US': 'Iznájar'}","{'en_US': 'Cruz De Algaidas'}","","14978","-4.337859217000003","37.230097100000016"
"{'en_US': 'Andalucia'}","{'en_US': 'Granada'}","{'en_US': 'Valle de Lecrín'}","{'en_US': 'Lecrín'}","{'en_US': 'Lecrín'}","","18656","-3.554130000000001","36.94695000000001"
"{'en_US': 'Andalucia'}","{'en_US': 'Granada'}","{'en_US': 'Valle de Lecrín'}","{'en_US': 'Padul'}","{'en_US': 'Padul'}","","18640","-3.631056200000002","37.02361420000001"
"{'en_US': 'Andalucia'}","{'en_US': 'Granada'}","{'en_US': 'Costa Tropical'}","{'en_US': 'Salobreña'}","{'en_US': 'Salobreña'}","","18680","-3.585100000000001","36.742900000000006"
"{'en_US': 'Andalucia'}","{'en_US': 'Granada'}","{'en_US': 'Granada Sur'}","{'en_US': 'Alpujarra'}","{'en_US': 'Cañar'}","","18418","-3.429430000000001","36.925810000000006"
"{'en_US': 'Andalucia'}","{'en_US': 'Granada'}","{'en_US': 'Costa Tropical'}","{'en_US': 'Almuñécar'}","{'en_US': 'Velilla-Taramay'}","","18690","0.0","0.0"
"{'en_US': 'Andalucia'}","{'en_US': 'Málaga'}","{'en_US': 'Serranía de Ronda'}","{'en_US': 'Benaoján'}","{'en_US': 'Benaoján'}","","29370","-5.253370000000001","36.718810000000005"
"{'en_US': 'Valencia Community'}","{'en_US': 'Alicante'}","{'en_US': 'Costa Blanca South'}","{'en_US': 'Gran Alacant'}","{'en_US': 'La Perleta'}","","03295","-0.63336","38.249880000000005"
"{'en_US': 'Valencia Community'}","{'en_US': 'Alicante'}","{'en_US': 'Costa Blanca South'}","{'en_US': 'Gran Alacant'}","{'en_US': 'Matola'}","","03296","-0.75136","38.227560000000004"
"{'en_US': 'Valencia Community'}","{'en_US': 'Alicante'}","{'en_US': 'Costa Blanca South'}","{'en_US': 'Gran Alacant'}","{'en_US': 'Torrellano'}","","03320","-0.58842","38.292970000000004"
"{'en_US': 'Andalucia'}","{'en_US': 'Málaga'}","{'en_US': 'Costa del Sol'}","{'en_US': 'Torremolinos'}","{'en_US': 'Torremolinos Centro'}","","29620","-4.501040000000001","36.62287000000001"
"{'en_US': 'Andalucia'}","{'en_US': 'Almería'}","{'en_US': 'Inland Almeria'}","{'en_US': 'Llanos del Peral'}","{'en_US': 'Llanos del Peral'}","","04650","-2.040177900000002","37.34182790000001"
"{'en_US': 'Andalucia'}","{'en_US': 'Málaga'}","{'en_US': 'Costa del Sol'}","{'en_US': 'Marbella'}","{'en_US': 'Las Chapas'}","","29604","-4.808380000000001","36.53551000000001"
"{'en_US': 'Andalucia'}","{'en_US': 'Málaga'}","{'en_US': 'Costa del Sol'}","{'en_US': 'Málaga'}","{'en_US': 'La Rosaleda'}","","29008","-4.426422000000004","36.734092000000025"
"{'en_US': 'Balearic Islands'}","{'en_US': 'Ibiza'}","{'en_US': 'Ibiza'}","{'en_US': 'Sant Josep de sa Talaia'}","{'en_US': 'Sant Jordi de ses Salines'}","","07817","1.39693","38.89135000000001"
"{'en_US': 'Andalucia'}","{'en_US': 'Almería'}","{'en_US': 'Inland Almeria'}","{'en_US': 'Bacares'}","{'en_US': 'Bacares'}","","04889","0.0","0.0"
"{'en_US': 'Andalucia'}","{'en_US': 'Almería'}","{'en_US': 'Inland Almeria'}","{'en_US': 'Vélez-Blanco'}","{'en_US': 'Vélez-Blanco'}","","04830","0.0","0.0"
"{'en_US': 'Andalucia'}","{'en_US': 'Málaga'}","{'en_US': 'Costa del Sol'}","{'en_US': 'Marbella'}","{'en_US': 'Elviria'}","","29604","-4.777740000000001","36.51120000000001"
"{'en_US': 'Andalucia'}","{'en_US': 'Málaga'}","{'en_US': 'Costa del Sol'}","{'en_US': 'Málaga'}","{'en_US': 'Carretera de Cádiz'}","","29004","-4.449250000000001","36.693200000000004"
"{'en_US': 'Andalucia'}","{'en_US': 'Almería'}","{'en_US': 'Inland Almeria'}","{'en_US': 'Arboleas'}","{'en_US': 'La Cinta'}","","04660","0.0","0.0"
"{'en_US': 'Balearic Islands'}","{'en_US': 'Ibiza'}","{'en_US': 'Ibiza'}","{'en_US': 'Santa Eulària des Riu'}","{'en_US': 'Es Canar'}","","07849","1.57543","39.002300000000005"
"{'en_US': 'Andalucia'}","{'en_US': 'Almería'}","{'en_US': 'Inland Almeria'}","{'en_US': 'Pulpí'}","{'en_US': 'Pulpí'}","","04640","0.0","0.0"
"{'en_US': 'Andalucia'}","{'en_US': 'Granada'}","{'en_US': 'Costa Tropical'}","{'en_US': 'Salobreña'}","{'en_US': 'Alfa Mar'}","","18680","0.0","0.0"
"{'en_US': 'Andalucia'}","{'en_US': 'Cadiz'}","{'en_US': 'Costa de la Luz'}","{'en_US': 'Sotogrande'}","{'en_US': 'Sotogrande Costa'}","","11310","-5.293100000000002","36.27780000000001"
"{'en_US': 'Andalucia'}","{'en_US': 'Cadiz'}","{'en_US': 'Costa de la Luz'}","{'en_US': 'Sotogrande'}","{'en_US': 'Sotogrande Marina'}","","11310","-5.297060000000001","36.28206000000001"
"{'en_US': 'Andalucia'}","{'en_US': 'Cadiz'}","{'en_US': 'Costa de la Luz'}","{'en_US': 'San Roque'}","{'en_US': 'San Diego'}","","11312","-5.256290000000001","36.312700000000014"
"{'en_US': 'Andalucia'}","{'en_US': 'Málaga'}","{'en_US': 'Valle del Guadalhorce'}","{'en_US': 'Álora'}","{'en_US': 'Álora'}","","29500","-4.706300000000001","36.82388000000001"
"{'en_US': 'Andalucia'}","{'en_US': 'Granada'}","{'en_US': 'Costa Tropical'}","{'en_US': 'Lentegí'}","{'en_US': 'Lentegí'}","","18699","0.0","0.0"
"{'en_US': 'Balearic Islands'}","{'en_US': 'Mallorca'}","{'en_US': 'Mallorca'}","{'en_US': 'Alcúdia'}","{'en_US': 'Bonaire'}","","7400","39.86376000000001","39.86376000000001"
"{'en_US': 'Andalucia'}","{'en_US': 'Almería'}","{'en_US': 'Inland Almeria'}","{'en_US': 'Alboloduy'}","{'en_US': 'Alboloduy'}","","04531","-2.620978300000001","37.032759300000016"
"{'en_US': 'Andalucia'}","{'en_US': 'Málaga'}","{'en_US': 'Sierra de las Nieves'}","{'en_US': 'Yunquera'}","{'en_US': 'Yunquera'}","","29410","-4.920600000000001","36.734640000000006"
"{'en_US': 'Andalucia'}","{'en_US': 'Granada'}","{'en_US': 'Comarca de Baza'}","{'en_US': 'Cuevas del Campo'}","{'en_US': 'Cuevas del Campo'}","","18813","-2.935096916000001","37.60826420000002"
"{'en_US': 'Andalucia'}","{'en_US': 'Almería'}","{'en_US': 'Inland Almeria'}","{'en_US': 'Alhama de Almería'}","{'en_US': 'Alhama de Almería'}","","04400","-2.566768800000002","36.95745460000001"
"{'en_US': 'Andalucia'}","{'en_US': 'Almería'}","{'en_US': 'Inland Almeria'}","{'en_US': 'Laroya'}","{'en_US': 'Laroya'}","","04868","0.0","0.0"
"{'en_US': 'Andalucia'}","{'en_US': 'Almería'}","{'en_US': 'Inland Almeria'}","{'en_US': 'Cantoria'}","{'en_US': 'Los Terreros'}","","04648","0.0","0.0"
"{'en_US': 'Andalucia'}","{'en_US': 'Almería'}","{'en_US': 'Inland Almeria'}","{'en_US': 'Cantoria'}","{'en_US': 'Las Casicas'}","","04850","0.0","0.0"
"{'en_US': 'Andalucia'}","{'en_US': 'Almería'}","{'en_US': 'Inland Almeria'}","{'en_US': 'Ohanes'}","{'en_US': 'Ohanes'}","","04459","0.0","0.0"
"{'en_US': 'Andalucia'}","{'en_US': 'Almería'}","{'en_US': 'Inland Almeria'}","{'en_US': 'Benitagla'}","{'en_US': 'Benitagla'}","","04276","0.0","0.0"
"{'en_US': 'Andalucia'}","{'en_US': 'Almería'}","{'en_US': 'Inland Almeria'}","{'en_US': 'Arboleas'}","{'en_US': 'El Rincón'}","","04660","0.0","0.0"
"{'en_US': 'Andalucia'}","{'en_US': 'Málaga'}","{'en_US': 'Nororma'}","{'en_US': 'Villanueva de Algaidas'}","{'en_US': 'Villanueva de Algaidas'}","","29310","-4.449970000000001","37.183130000000006"
"{'en_US': 'Andalucia'}","{'en_US': 'Málaga'}","{'en_US': 'Serranía de Ronda'}","{'en_US': 'Parauta'}","{'en_US': 'Parauta'}","","29451","-5.129470000000001","36.65661000000001"
"{'en_US': 'Andalucia'}","{'en_US': 'Málaga'}","{'en_US': 'Costa del Sol'}","{'en_US': 'Marbella'}","{'en_US': 'Sierra Blanca'}","","29602","-4.935450000000001","36.56277000000001"
"{'en_US': 'Andalucia'}","{'en_US': 'Málaga'}","{'en_US': 'Costa del Sol'}","{'en_US': 'Mijas'}","{'en_US': 'La Cala Hills'}","","29649","-4.682770000000001","36.54946000000001"
"{'en_US': 'Andalucia'}","{'en_US': 'Málaga'}","{'en_US': 'Valle del Guadalhorce'}","{'en_US': 'Alhaurín el Grande'}","{'en_US': 'Alhaurín el Grande'}","","29120","-4.686740000000001","36.642120000000006"
"{'en_US': 'Andalucia'}","{'en_US': 'Málaga'}","{'en_US': 'Valle del Guadalhorce'}","{'en_US': 'Almogía'}","{'en_US': 'Almogía'}","","29150","-4.540700000000001","36.826150000000005"
"{'en_US': 'Andalucia'}","{'en_US': 'Almería'}","{'en_US': 'Inland Almeria'}","{'en_US': 'Níjar'}","{'en_US': 'El Nazareno'}","","04117","0.0","0.0"
"{'en_US': 'Andalucia'}","{'en_US': 'Málaga'}","{'en_US': 'Costa del Sol'}","{'en_US': 'Mijas'}","{'en_US': 'Valtocado'}","","29650","-4.675880000000001","36.593860000000014"
"{'en_US': 'Andalucia'}","{'en_US': 'Granada'}","{'en_US': 'Vega de Granada'}","{'en_US': 'Cijuela'}","{'en_US': 'Cijuela'}","","18339","-3.815195816000002","37.19935310000002"
"{'en_US': 'Andalucia'}","{'en_US': 'Granada'}","{'en_US': 'Granada'}","{'en_US': 'Castril de la Peña'}","{'en_US': 'Castril'}","","18816","-2.78002","37.79581000000002"
"{'en_US': 'Andalucia'}","{'en_US': 'Málaga'}","{'en_US': 'Costa del Sol'}","{'en_US': 'Estepona'}","{'en_US': 'New Golden Mile'}","","29688","-5.023400000000001","36.47690000000001"
"{'en_US': 'Andalucia'}","{'en_US': 'Málaga'}","{'en_US': 'Costa del Sol'}","{'en_US': 'Málaga'}","{'en_US': 'Olletas'}","","29013","-4.415780000000002","36.73326000000001"
"{'en_US': 'Andalucia'}","{'en_US': 'Granada'}","{'en_US': 'Granada Sur'}","{'en_US': 'Alpujarra'}","{'en_US': 'Lanjarón'}","","18420","-3.490790000000001","36.91904000000001"
"{'en_US': 'Andalucia'}","{'en_US': 'Almería'}","{'en_US': 'Inland Almeria'}","{'en_US': 'Fondón'}","{'en_US': 'Fuente Victoria'}","","04479","0.0","0.0"
"{'en_US': 'Andalucia'}","{'en_US': 'Málaga'}","{'en_US': 'Axarquía'}","{'en_US': 'Almáchar'}","{'en_US': 'Almáchar'}","","29718","-4.216160000000001","36.80899000000001"
"{'en_US': 'Andalucia'}","{'en_US': 'Málaga'}","{'en_US': 'Axarquía'}","{'en_US': 'Arenas'}","{'en_US': 'Arenas'}","","29753","-4.044200000000001","36.81602000000001"
"{'en_US': 'Andalucia'}","{'en_US': 'Granada'}","{'en_US': 'Costa Tropical'}","{'en_US': 'Otívar'}","{'en_US': 'Otívar'}","","18698","0.0","0.0"
"{'en_US': 'Andalucia'}","{'en_US': 'Málaga'}","{'en_US': 'Costa del Sol'}","{'en_US': 'Benahavís'}","{'en_US': 'Benatalaya'}","","29679","-5.019370000000001","36.49036000000001"
"{'en_US': 'Andalucia'}","{'en_US': 'Almería'}","{'en_US': 'Inland Almeria'}","{'en_US': 'Sorbas'}","{'en_US': 'Gochar'}","","04279","0.0","0.0"
"{'en_US': 'Andalucia'}","{'en_US': 'Málaga'}","{'en_US': 'Costa del Sol East'}","{'en_US': 'Torrox'}","{'en_US': 'Frigiliana'}","","29788","-3.896520000000001","36.791860000000014"
"{'en_US': 'Andalucia'}","{'en_US': 'Almería'}","{'en_US': 'Inland Almeria'}","{'en_US': 'Albox'}","{'en_US': 'Albox'}","","04800","-2.1455544","37.38802820000002"
"{'en_US': 'Andalucia'}","{'en_US': 'Cadiz'}","{'en_US': 'Sierra de Cádiz'}","{'en_US': 'Arcos de la Frontera'}","{'en_US': 'Arcos de la Frontera'}","","11630","-5.847006814000003","36.75156490000001"
"{'en_US': 'Andalucia'}","{'en_US': 'Granada'}","{'en_US': 'Costa Tropical'}","{'en_US': 'Sorvilán'}","{'en_US': 'Sorvilán'}","","18713","0.0","0.0"
"{'en_US': 'Andalucia'}","{'en_US': 'Almería'}","{'en_US': 'Inland Almeria'}","{'en_US': 'Enix'}","{'en_US': 'Enix'}","","04729","0.0","0.0"
"{'en_US': 'Andalucia'}","{'en_US': 'Málaga'}","{'en_US': 'Axarquía'}","{'en_US': 'Benamargosa'}","{'en_US': 'Benamargosa'}","","29718","-4.193570000000001","36.835260000000005"
"{'en_US': 'Andalucia'}","{'en_US': 'Almería'}","{'en_US': 'Inland Almeria'}","{'en_US': 'Gérgal'}","{'en_US': 'El Calar Alto'}","","04550","0.0","0.0"
"{'en_US': 'Andalucia'}","{'en_US': 'Almería'}","{'en_US': 'Inland Almeria'}","{'en_US': 'Arboleas'}","{'en_US': 'Casablanca'}","","04660","0.0","0.0"
"{'en_US': 'Andalucia'}","{'en_US': 'Granada'}","{'en_US': 'Costa Tropical'}","{'en_US': 'Salobreña'}","{'en_US': 'El Pargo'}","","18680","0.0","0.0"
"{'en_US': 'Andalucia'}","{'en_US': 'Málaga'}","{'en_US': 'Costa del Sol'}","{'en_US': 'Benahavís'}","{'en_US': 'Los Arqueros'}","","29679","-5.008110000000001","36.51919000000001"
"{'en_US': 'Andalucia'}","{'en_US': 'Almería'}","{'en_US': 'Inland Almeria'}","{'en_US': 'Huécija'}","{'en_US': 'Huécija'}","","04409","0.0","0.0"
"{'en_US': 'Andalucia'}","{'en_US': 'Málaga'}","{'en_US': 'Costa del Sol'}","{'en_US': 'Estepona'}","{'en_US': 'Selwo'}","","29689","-5.085600000000001","36.46260000000001"
"{'en_US': 'Andalucia'}","{'en_US': 'Málaga'}","{'en_US': 'Costa del Sol'}","{'en_US': 'Fuengirola'}","{'en_US': 'Torreblanca'}","","29640","-4.605320000000002","36.564080000000004"
"{'en_US': 'Andalucia'}","{'en_US': 'Málaga'}","{'en_US': 'Axarquía'}","{'en_US': 'Totalán'}","{'en_US': 'Totalán'}","","29197","-4.297410000000001","36.765170000000005"
"{'en_US': 'Andalucia'}","{'en_US': 'Málaga'}","{'en_US': 'Axarquía'}","{'en_US': 'La Viñuela'}","{'en_US': 'Los Romanes'}","","29713","0.0","0.0"
"{'en_US': 'Andalucia'}","{'en_US': 'Almería'}","{'en_US': 'Inland Almeria'}","{'en_US': 'Níjar'}","{'en_US': 'Venta del Pobre'}","","04114","0.0","0.0"
"{'en_US': 'Andalucia'}","{'en_US': 'Málaga'}","{'en_US': 'Axarquía'}","{'en_US': 'Iznate'}","{'en_US': 'Iznate'}","","29792","-4.184910000000001","36.77622000000001"
"{'en_US': 'Andalucia'}","{'en_US': 'Granada'}","{'en_US': 'Guadix'}","{'en_US': 'Guadix'}","{'en_US': 'Benalua de Guadix'}","","18510","-3.173960000000001","37.35240000000001"
"{'en_US': 'Andalucia'}","{'en_US': 'Cadiz'}","{'en_US': 'Costa de la Luz'}","{'en_US': 'Los Barrios'}","{'en_US': 'Guadacorte'}","","11379","-5.463690514","36.19169480000002"
"{'en_US': 'Andalucia'}","{'en_US': 'Granada'}","{'en_US': 'Costa Tropical'}","{'en_US': 'Almuñécar'}","{'en_US': 'Marina del Este'}","","18690","-3.746702114000002","36.72666160000002"
"{'en_US': 'Andalucia'}","{'en_US': 'Almería'}","{'en_US': 'Inland Almeria'}","{'en_US': 'El Ejido'}","{'en_US': 'Matagorda'}","","04715","0.0","0.0"
"{'en_US': 'Andalucia'}","{'en_US': 'Almería'}","{'en_US': 'Inland Almeria'}","{'en_US': 'El Ejido'}","{'en_US': 'Las Norias de Daza'}","","04716","0.0","0.0"
"{'en_US': 'Andalucia'}","{'en_US': 'Almería'}","{'en_US': 'Costa Almeria'}","{'en_US': 'Garrucha'}","{'en_US': 'Garrucha'}","","04630","0.0","0.0"
"{'en_US': 'Balearic Islands'}","{'en_US': 'Mallorca'}","{'en_US': 'Mallorca'}","{'en_US': 'Algaida'}","{'en_US': 'Castellitx de la Pau'}","","7210","2.927430000000001","39.54773000000001"
"{'en_US': 'Andalucia'}","{'en_US': 'Cadiz'}","{'en_US': 'Campo de Gibraltar'}","{'en_US': 'Jimena de la Frontera'}","{'en_US': 'Jimena de la Frontera'}","","11330","-5.45391","36.434880000000014"
"{'en_US': 'Andalucia'}","{'en_US': 'Málaga'}","{'en_US': 'Costa del Sol East'}","{'en_US': 'Rincón de la Victoria'}","{'en_US': 'Benagalbon'}","","29738","0.0","0.0"
"{'en_US': 'Andalucia'}","{'en_US': 'Málaga'}","{'en_US': 'Costa del Sol'}","{'en_US': 'Manilva'}","{'en_US': 'Manilva'}","","29691","-5.248980000000001","36.37700000000001"
"{'en_US': 'Andalucia'}","{'en_US': 'Almería'}","{'en_US': 'Inland Almeria'}","{'en_US': 'Arboleas'}","{'en_US': 'Los García'}","","29593","0.0","0.0"
"{'en_US': 'Andalucia'}","{'en_US': 'Almería'}","{'en_US': 'Inland Almeria'}","{'en_US': 'Níjar'}","{'en_US': 'Níjar'}","","04149","0.0","0.0"
"{'en_US': 'Andalucia'}","{'en_US': 'Málaga'}","{'en_US': 'Axarquía'}","{'en_US': 'Comares'}","{'en_US': 'Comares'}","","29195","-4.248100000000002","36.84944000000001"
"{'en_US': 'Andalucia'}","{'en_US': 'Málaga'}","{'en_US': 'Costa del Sol'}","{'en_US': 'Marbella'}","{'en_US': 'Guadalmina Alta'}","","29601","-5.008000000000002","36.480000000000004"
"{'en_US': 'Andalucia'}","{'en_US': 'Málaga'}","{'en_US': 'Valle del Guadalhorce'}","{'en_US': 'Pizarra'}","{'en_US': 'Pizarra'}","","29560","-4.707690000000001","36.76680000000001"
"{'en_US': 'Andalucia'}","{'en_US': 'Málaga'}","{'en_US': 'Costa del Sol East'}","{'en_US': 'Velez-Málaga'}","{'en_US': 'Valle-Niza'}","","29749","-4.153480000000001","36.727250000000005"
"{'en_US': 'Andalucia'}","{'en_US': 'Málaga'}","{'en_US': 'Guadalteba'}","{'en_US': 'Ardales'}","{'en_US': 'Ardales'}","","29550","-4.846810000000001","36.87818000000001"
"{'en_US': 'Andalucia'}","{'en_US': 'Granada'}","{'en_US': 'Granada'}","{'en_US': 'Granada'}","{'en_US': 'Monachil'}","","18193","-3.539210000000001","37.131960000000014"
"{'en_US': 'Andalucia'}","{'en_US': 'Granada'}","{'en_US': 'Comarca de Loja'}","{'en_US': 'Íllora'}","{'en_US': 'Íllora'}","","18260","-3.887397515000002","37.28631720000002"
"{'en_US': 'Andalucia'}","{'en_US': 'Granada'}","{'en_US': 'Vega de Granada'}","{'en_US': 'Fuente Vaqueros'}","{'en_US': 'Fuente Vaqueros'}","","18340","-3.785679160000002","37.22017130000001"
"{'en_US': 'Andalucia'}","{'en_US': 'Almería'}","{'en_US': 'Inland Almeria'}","{'en_US': 'Níjar'}","{'en_US': 'Pozo de los Frailes'}","","04117","0.0","0.0"
"{'en_US': 'Andalucia'}","{'en_US': 'Almería'}","{'en_US': 'Inland Almeria'}","{'en_US': 'Macael'}","{'en_US': 'Macael'}","","04867","0.0","0.0"
"{'en_US': 'Andalucia'}","{'en_US': 'Almería'}","{'en_US': 'Inland Almeria'}","{'en_US': 'Berja'}","{'en_US': 'Los Cerrillos'}","","04760","0.0","0.0"
"{'en_US': 'Andalucia'}","{'en_US': 'Málaga'}","{'en_US': 'Serranía de Ronda'}","{'en_US': 'Ronda'}","{'en_US': 'Ronda'}","","29400","-5.166590000000001","36.74213000000001"
"{'en_US': 'Andalucia'}","{'en_US': 'Málaga'}","{'en_US': 'Sierra de las Nieves'}","{'en_US': 'Alozaina'}","{'en_US': 'Alozaina'}","","29567","-4.858000000000001","36.72776000000001"
"{'en_US': 'Andalucia'}","{'en_US': 'Granada'}","{'en_US': 'Costa Tropical'}","{'en_US': 'Motril'}","{'en_US': 'Calahonda (Motril)'}","","18730","0.0","0.0"
"{'en_US': 'Andalucia'}","{'en_US': 'Málaga'}","{'en_US': 'Costa del Sol East'}","{'en_US': 'Velez-Málaga'}","{'en_US': 'El Trapiche'}","","29719","0.0","0.0"
"{'en_US': 'Andalucia'}","{'en_US': 'Málaga'}","{'en_US': 'Costa del Sol'}","{'en_US': 'Benalmádena'}","{'en_US': 'Benalmádena'}","","29630","-4.572280000000001","36.59452000000001"
"{'en_US': 'Andalucia'}","{'en_US': 'Málaga'}","{'en_US': 'Costa del Sol East'}","{'en_US': 'Torrox'}","{'en_US': 'El Morche'}","","29770","0.0","0.0"
"{'en_US': 'Andalucia'}","{'en_US': 'Almería'}","{'en_US': 'Costa Almeria'}","{'en_US': 'Adra'}","{'en_US': 'Guainos Bajos'}","","04778","0.0","0.0"
"{'en_US': 'Andalucia'}","{'en_US': 'Almería'}","{'en_US': 'Inland Almeria'}","{'en_US': 'Alsodux'}","{'en_US': 'Alsodux'}","","04568","0.0","0.0"
"{'en_US': 'Andalucia'}","{'en_US': 'Almería'}","{'en_US': 'Inland Almeria'}","{'en_US': 'Antas'}","{'en_US': 'Antas'}","","04628","-1.9181629","37.24522060000002"
"{'en_US': 'Balearic Islands'}","{'en_US': 'Ibiza'}","{'en_US': 'Ibiza'}","{'en_US': 'Sant Joan de Labritja'}","{'en_US': 'Sant Joan de Labritja'}","","07810","1.51324","39.079100000000004"
"{'en_US': 'Andalucia'}","{'en_US': 'Málaga'}","{'en_US': 'Costa del Sol East'}","{'en_US': 'Rincón de la Victoria'}","{'en_US': 'La Cala del Moral'}","","29720","0.0","0.0"
"{'en_US': 'Andalucia'}","{'en_US': 'Almería'}","{'en_US': 'Inland Almeria'}","{'en_US': 'Lúcar'}","{'en_US': 'Lúcar'}","","04887","0.0","0.0"
"{'en_US': 'Andalucia'}","{'en_US': 'Málaga'}","{'en_US': 'Valle del Guadalhorce'}","{'en_US': 'Alhaurín de la Torre'}","{'en_US': 'Alhaurín de la Torre'}","","29130","-4.562630000000001","36.66270000000001"
"{'en_US': 'Andalucia'}","{'en_US': 'Almería'}","{'en_US': 'Inland Almeria'}","{'en_US': 'Turrillas'}","{'en_US': 'Turrillas'}","","04211","0.0","0.0"
"{'en_US': 'Andalucia'}","{'en_US': 'Málaga'}","{'en_US': 'Costa del Sol'}","{'en_US': 'Torremolinos'}","{'en_US': 'La Colina'}","","29620","-4.492610000000002","36.640220000000014"
"{'en_US': 'Andalucia'}","{'en_US': 'Almería'}","{'en_US': 'Inland Almeria'}","{'en_US': 'María'}","{'en_US': 'María'}","","04838","0.0","0.0"
"{'en_US': 'Andalucia'}","{'en_US': 'Almería'}","{'en_US': 'Inland Almeria'}","{'en_US': 'Huércal de Almería'}","{'en_US': 'Los Pinos-La Gloria'}","","04288","0.0","0.0"
"{'en_US': 'Andalucia'}","{'en_US': 'Almería'}","{'en_US': 'Inland Almeria'}","{'en_US': 'Níjar'}","{'en_US': 'Saladar y Leche'}","","04114","0.0","0.0"
"{'en_US': 'Andalucia'}","{'en_US': 'Málaga'}","{'en_US': 'Guadalteba'}","{'en_US': 'Sierra de Yeguas'}","{'en_US': 'Sierra de Yeguas'}","","29328","-4.868560000000001","37.124390000000005"
"{'en_US': 'Andalucia'}","{'en_US': 'Málaga'}","{'en_US': 'Costa del Sol'}","{'en_US': 'Málaga'}","{'en_US': 'El Palo'}","","29017","-4.361450000000001","36.72023000000001"
"{'en_US': 'Andalucia'}","{'en_US': 'Almería'}","{'en_US': 'Inland Almeria'}","{'en_US': 'Castro de Filabres'}","{'en_US': 'Castro de Filabres'}","","04212","0.0","0.0"
"{'en_US': 'Andalucia'}","{'en_US': 'Málaga'}","{'en_US': 'Serranía de Ronda'}","{'en_US': 'Igualeja'}","{'en_US': 'Igualeja'}","","29440","-5.121180000000001","36.63150000000001"
"{'en_US': 'Andalucia'}","{'en_US': 'Almería'}","{'en_US': 'Inland Almeria'}","{'en_US': 'Gádor'}","{'en_US': 'Gádor'}","","04560","0.0","0.0"
"{'en_US': 'Andalucia'}","{'en_US': 'Almería'}","{'en_US': 'Inland Almeria'}","{'en_US': 'Albox'}","{'en_US': 'Llano de lo Olleres'}","","04813","0.0","0.0"
"{'en_US': 'Andalucia'}","{'en_US': 'Almería'}","{'en_US': 'Inland Almeria'}","{'en_US': 'Sorbas'}","{'en_US': 'Cariatiz'}","","04278","0.0","0.0"
"{'en_US': 'Andalucia'}","{'en_US': 'Cadiz'}","{'en_US': 'Sierra de Cádiz'}","{'en_US': 'Setenil de las Bodegas'}","{'en_US': 'Setenil de las Bodegas'}","","11692","-5.181909516000003","36.86293780000001"
"{'en_US': 'Andalucia'}","{'en_US': 'Almería'}","{'en_US': 'Inland Almeria'}","{'en_US': 'Somontín'}","{'en_US': 'Somontín'}","","04877","0.0","0.0"
"{'en_US': 'Andalucia'}","{'en_US': 'Almería'}","{'en_US': 'Inland Almeria'}","{'en_US': 'El Ejido'}","{'en_US': 'Pampanico'}","","04715","0.0","0.0"
"{'en_US': 'Andalucia'}","{'en_US': 'Cadiz'}","{'en_US': 'Sierra de Cádiz'}","{'en_US': 'Algodonales'}","{'en_US': 'Algodonales'}","","11680","0.0","0.0"
"{'en_US': 'Andalucia'}","{'en_US': 'Granada'}","{'en_US': 'Costa Tropical'}","{'en_US': 'Salobreña'}","{'en_US': 'Lobres'}","","18680","0.0","0.0"
"{'en_US': 'Andalucia'}","{'en_US': 'Almería'}","{'en_US': 'Costa Almeria'}","{'en_US': 'Adra'}","{'en_US': 'El Toril'}","","04778","0.0","0.0"
"{'en_US': 'Andalucia'}","{'en_US': 'Almería'}","{'en_US': 'Inland Almeria'}","{'en_US': 'Huércal de Almería'}","{'en_US': 'La Fuensanta-Villa Inés'}","","04230","0.0","0.0"
"{'en_US': 'Andalucia'}","{'en_US': 'Cadiz'}","{'en_US': 'Costa de la Luz'}","{'en_US': 'Sotogrande'}","{'en_US': 'Sotogrande Puerto'}","","11310","-5.297060000000001","36.28206000000001"
"{'en_US': 'Andalucia'}","{'en_US': 'Almería'}","{'en_US': 'Inland Almeria'}","{'en_US': 'Arboleas'}","{'en_US': 'Los Huevanillas'}","","04660","0.0","0.0"
"{'en_US': 'Andalucia'}","{'en_US': 'Almería'}","{'en_US': 'Inland Almeria'}","{'en_US': 'Alcolea'}","{'en_US': 'Lucainena'}","","04210","0.0","0.0"
"{'en_US': 'Andalucia'}","{'en_US': 'Almería'}","{'en_US': 'Inland Almeria'}","{'en_US': 'Gérgal'}","{'en_US': 'Las Aneas'}","","04559","0.0","0.0"
"{'en_US': 'Andalucia'}","{'en_US': 'Málaga'}","{'en_US': 'Costa del Sol East'}","{'en_US': 'Velez-Málaga'}","{'en_US': 'Almayate'}","","29749","-4.125280000000001","36.72914000000001"
"{'en_US': 'Andalucia'}","{'en_US': 'Almería'}","{'en_US': 'Inland Almeria'}","{'en_US': 'Benahadux'}","{'en_US': 'El Chuche'}","","04410","0.0","0.0"
"{'en_US': 'Andalucia'}","{'en_US': 'Cadiz'}","{'en_US': 'Costa de la Luz'}","{'en_US': 'San Roque'}","{'en_US': 'Pueblo Nuevo de Guadiaro'}","","11311","-5.300000000000001","36.300000000000004"
"{'en_US': 'Andalucia'}","{'en_US': 'Cadiz'}","{'en_US': 'Sierra de Cádiz'}","{'en_US': 'Zahara de la Sierra'}","{'en_US': 'Zahara de la Sierra'}","","11688","-5.394078317000003","36.83984190000002"
"{'en_US': 'Balearic Islands'}","{'en_US': 'Mallorca'}","{'en_US': 'Mallorca'}","{'en_US': 'Palma'}","{'en_US': 'Costa de Canyamel'}","","7589","3.438950000000001","39.65590000000001"
"{'en_US': 'Valencia Community'}","{'en_US': 'Alicante'}","{'en_US': 'Costa Blanca South'}","{'en_US': 'Torrevieja'}","{'en_US': 'San Luis'}","","03184","-0.753633213","37.98263920000001"
"{'en_US': 'Valencia Community'}","{'en_US': 'Alicante'}","{'en_US': 'Costa Blanca South'}","{'en_US': 'Torrevieja'}","{'en_US': 'Torretas'}","","03184","-0.69821","37.99692000000001"
"{'en_US': 'Valencia Community'}","{'en_US': 'Alicante'}","{'en_US': 'Costa Blanca South'}","{'en_US': 'Ciudad Quesada / Rojales'}","{'en_US': 'Benimar'}","","03170","-0.74994914","38.07888580000001"
"{'en_US': 'Valencia Community'}","{'en_US': 'Alicante'}","{'en_US': 'Costa Blanca South'}","{'en_US': 'Ciudad Quesada / Rojales'}","{'en_US': 'La Marquesa'}","","03187","-0.826883213","38.00362620000002"
"{'en_US': 'Valencia Community'}","{'en_US': 'Alicante'}","{'en_US': 'Costa Blanca South'}","{'en_US': 'Ciudad Quesada / Rojales'}","{'en_US': 'La Marquesa Golf'}","","03170","-0.70786","38.08411000000001"
"{'en_US': 'Balearic Islands'}","{'en_US': 'Mallorca'}","{'en_US': 'Mallorca'}","{'en_US': 'Calvià'}","{'en_US': 'Costa de la Calma'}","","7183","2.469660000000001","39.526990000000005"
"{'en_US': 'Murcia'}","{'en_US': 'Murcia'}","{'en_US': 'Costa Cálida'}","{'en_US': 'Murcia'}","{'en_US': 'Baños y Mendigo'}","","30155","-1.10787","37.84082000000001"
"{'en_US': 'Valencia Community'}","{'en_US': 'Alicante'}","{'en_US': 'Costa Blanca South'}","{'en_US': 'Orihuela Costa'}","{'en_US': 'Torremendo'}","","03313","-0.86537","37.99205000000001"
"{'en_US': 'Valencia Community'}","{'en_US': 'Alicante'}","{'en_US': 'Costa Blanca South'}","{'en_US': 'Pilar de la Horadada'}","{'en_US': 'Torre de la Horadada'}","","03191","-0.75901","37.868530000000014"
"{'en_US': 'Valencia Community'}","{'en_US': 'Alicante'}","{'en_US': 'Costa Blanca South'}","{'en_US': 'Orihuela Costa'}","{'en_US': 'Los Balcones'}","","03189","-0.72739","37.960570000000004"
"{'en_US': 'Valencia Community'}","{'en_US': 'Alicante'}","{'en_US': 'Costa Blanca South'}","{'en_US': 'Orihuela Costa'}","{'en_US': 'Lomas de Cabo Roig'}","","03189","-0.75336","37.92690000000001"
"{'en_US': 'Valencia Community'}","{'en_US': 'Alicante'}","{'en_US': 'Costa Blanca South'}","{'en_US': 'Torrevieja'}","{'en_US': 'Torre La Mata'}","","03188","-0.666097715","38.02178540000001"
"{'en_US': 'Murcia'}","{'en_US': 'Murcia'}","{'en_US': 'Vega Media'}","{'en_US': 'Lorquí'}","{'en_US': 'Lorquí'}","","30564","-1.25362","38.08153000000001"
"{'en_US': 'Murcia'}","{'en_US': 'Murcia'}","{'en_US': 'Valle de Ricote'}","{'en_US': 'Ojós'}","{'en_US': 'Ojós'}","","30611","-1.34209","38.148100000000014"
"{'en_US': 'Valencia Community'}","{'en_US': 'Alicante'}","{'en_US': 'Costa Blanca South'}","{'en_US': 'Torrevieja'}","{'en_US': 'Rocío del Mar'}","","03185","-0.70893","37.94787000000001"
"{'en_US': 'Valencia Community'}","{'en_US': 'Alicante'}","{'en_US': 'Costa Blanca South'}","{'en_US': 'Orihuela Costa'}","{'en_US': 'Punta Prima'}","","03189","-0.7154","37.94460000000001"
"{'en_US': 'Andalucia'}","{'en_US': 'Almería'}","{'en_US': 'Inland Almeria'}","{'en_US': 'El Ejido'}","{'en_US': 'El Ejido'}","","04711","0.0","0.0"
"{'en_US': 'Andalucia'}","{'en_US': 'Cadiz'}","{'en_US': 'Costa de la Luz'}","{'en_US': 'Campo de Gibraltar'}","{'en_US': 'Algeciras'}","","11205","-5.492870000000001","36.13101000000001"
"{'en_US': 'Balearic Islands'}","{'en_US': 'Mallorca'}","{'en_US': 'Mallorca'}","{'en_US': 'Alcúdia'}","{'en_US': 'Bellavista'}","","7609","2.733290000000001","39.48011000000001"
"{'en_US': 'Andalucia'}","{'en_US': 'Málaga'}","{'en_US': 'Axarquía'}","{'en_US': 'Sedella'}","{'en_US': 'Sedella'}","","29715","-4.033660000000001","36.86173000000001"
"{'en_US': 'Valencia Community'}","{'en_US': 'Alicante'}","{'en_US': 'Costa Blanca South'}","{'en_US': 'Almoradí'}","{'en_US': 'Heredades'}","","03160, 03179","0.0","0.0"
"{'en_US': 'Murcia'}","{'en_US': 'Murcia'}","{'en_US': 'Costa Cálida'}","{'en_US': 'Torre Pacheco'}","{'en_US': 'Las Terrazas de la Torre'}","","30700","-0.97479","37.79258000000001"
"{'en_US': 'Balearic Islands'}","{'en_US': 'Mallorca'}","{'en_US': 'Mallorca'}","{'en_US': 'Santanyí'}","{'en_US': 'Es Llombards'}","","7690","3.09707","39.34180000000001"
"{'en_US': 'Murcia'}","{'en_US': 'Murcia'}","{'en_US': 'Costa Cálida'}","{'en_US': 'Murcia'}","{'en_US': 'Balsicas'}","","30591","-0.95606","37.818050000000014"
"{'en_US': 'Valencia Community'}","{'en_US': 'Alicante'}","{'en_US': 'Costa Blanca South'}","{'en_US': 'Torrevieja'}","{'en_US': 'La Torreta'}","","03184","-0.709554315","37.99405480000001"
"{'en_US': 'Valencia Community'}","{'en_US': 'Alicante'}","{'en_US': 'Costa Blanca South'}","{'en_US': 'Torrevieja'}","{'en_US': 'La Florida'}","","03007","-0.51279","38.342760000000006"
"{'en_US': 'Valencia Community'}","{'en_US': 'Alicante'}","{'en_US': 'Costa Blanca South'}","{'en_US': 'Torrevieja'}","{'en_US': 'La Mata'}","","03188","-0.65467","38.027080000000005"
"{'en_US': 'Valencia Community'}","{'en_US': 'Alicante'}","{'en_US': 'Costa Blanca South'}","{'en_US': 'Santa Pola'}","{'en_US': 'Arenales del sol'}","","03195","-0.52013","38.251200000000004"
"{'en_US': 'Andalucia'}","{'en_US': 'Málaga'}","{'en_US': 'Costa del Sol'}","{'en_US': 'Mijas'}","{'en_US': 'Sierrezuela'}","","29649","-4.649910000000001","36.556500000000014"
"{'en_US': 'Balearic Islands'}","{'en_US': 'Ibiza'}","{'en_US': 'Ibiza'}","{'en_US': 'Sant Josep de sa Talaia'}","{'en_US': 'Es Cubells'}","","07839","1.27377","38.880810000000004"
"{'en_US': 'Valencia Community'}","{'en_US': 'Alicante'}","{'en_US': 'Costa Blanca South'}","{'en_US': 'Torrevieja'}","{'en_US': 'Dream Hills'}","","03189","-0.73926","37.95750000000001"
"{'en_US': 'Valencia Community'}","{'en_US': 'Alicante'}","{'en_US': 'Costa Blanca South'}","{'en_US': 'Torrevieja'}","{'en_US': 'La Siesta'}","","03184","-4.675320000000001","36.548970000000004"
"{'en_US': 'Valencia Community'}","{'en_US': 'Alicante'}","{'en_US': 'Costa Blanca South'}","{'en_US': 'Los Montesinos'}","{'en_US': 'Los Montesinos'}","","03187","-0.74345","38.02743000000001"
"{'en_US': 'Valencia Community'}","{'en_US': 'Alicante'}","{'en_US': 'Costa Blanca North'}","{'en_US': 'Tàrbena'}","{'en_US': 'Tàrbena'}","","03518","-0.10208","38.693670000000004"
"{'en_US': 'Valencia Community'}","{'en_US': 'Valencia'}","{'en_US': 'Costa de Valencia'}","{'en_US': 'Piles'}","{'en_US': 'Piles'}","","46712","0.0","0.0"
"{'en_US': 'Balearic Islands'}","{'en_US': 'Mallorca'}","{'en_US': 'Mallorca'}","{'en_US': 'Andratx'}","{'en_US': ""Port d'Andratx""}","","7157","2.386040000000001","39.545280000000005"
"{'en_US': 'Valencia Community'}","{'en_US': 'Valencia'}","{'en_US': 'Costa de Valencia'}","{'en_US': 'Real de Gandia'}","{'en_US': 'Real de Gandia'}","","46727","0.0","0.0"
"{'en_US': 'Valencia Community'}","{'en_US': 'Valencia'}","{'en_US': 'Costa de Valencia'}","{'en_US': 'Riola'}","{'en_US': 'Riola'}","","46417","0.0","0.0"
"{'en_US': 'Valencia Community'}","{'en_US': 'Alicante'}","{'en_US': 'Costa Blanca South'}","{'en_US': 'Santa Pola'}","{'en_US': 'Santa Pola'}","","03130","-0.55567","38.19243000000001"
"{'en_US': 'Valencia Community'}","{'en_US': 'Alicante'}","{'en_US': 'Costa Blanca South'}","{'en_US': 'Pilar de la Horadada'}","{'en_US': 'Pinar de Campoverde'}","","03191","-0.85016","37.90379000000001"
"{'en_US': 'Andalucia'}","{'en_US': 'Granada'}","{'en_US': 'Alpujarra Granadina'}","{'en_US': 'Pórtugos'}","{'en_US': 'Pórtugos'}","","18415","-3.313767417000002","36.94226870000002"
"{'en_US': 'Andalucia'}","{'en_US': 'Málaga'}","{'en_US': 'Guadalteba'}","{'en_US': 'Teba'}","{'en_US': 'Teba'}","","29327","-4.920260000000001","36.98349000000001"
"{'en_US': 'Andalucia'}","{'en_US': 'Málaga'}","{'en_US': 'Axarquía'}","{'en_US': 'Canillas de Albaida'}","{'en_US': 'Canillas de Albaida'}","","29755","-3.987810000000001","36.846180000000004"
"{'en_US': 'Andalucia'}","{'en_US': 'Almería'}","{'en_US': 'Inland Almeria'}","{'en_US': 'Fondón'}","{'en_US': 'Fondón'}","","04460","0.0","0.0"
"{'en_US': 'Valencia Community'}","{'en_US': 'Valencia'}","{'en_US': 'Costa de Valencia'}","{'en_US': 'El Puig'}","{'en_US': 'El Puig'}","","46540","0.0","0.0"
"{'en_US': 'Murcia'}","{'en_US': 'Murcia'}","{'en_US': 'Costa Cálida'}","{'en_US': 'Los Alcázares'}","{'en_US': 'Salado Village Beach & Golf'}","","30710","-0.86248","37.733300000000014"
"{'en_US': 'Andalucia'}","{'en_US': 'Granada'}","{'en_US': 'Vega de Granada'}","{'en_US': 'Ogíjares'}","{'en_US': 'Ogíjares'}","","18151","-3.694844912000002","37.11980830000002"
"{'en_US': 'Andalucia'}","{'en_US': 'Almería'}","{'en_US': 'Inland Almeria'}","{'en_US': 'Bayarque'}","{'en_US': 'Bayarque'}","","04888","0.0","0.0"
"{'en_US': 'Andalucia'}","{'en_US': 'Málaga'}","{'en_US': 'Costa del Sol'}","{'en_US': 'Marbella'}","{'en_US': 'Los Monteros'}","","29603","-4.824600000000001","36.50610000000001"
"{'en_US': 'Andalucia'}","{'en_US': 'Málaga'}","{'en_US': 'Costa del Sol'}","{'en_US': 'Mijas'}","{'en_US': 'Calypso'}","","29649","-4.712910000000002","36.493210000000005"
"{'en_US': 'Andalucia'}","{'en_US': 'Málaga'}","{'en_US': 'Costa del Sol'}","{'en_US': 'Marbella'}","{'en_US': 'Reserva de Marbella'}","","29604","-4.751100000000001","36.493100000000005"
"{'en_US': 'Murcia'}","{'en_US': 'Murcia'}","{'en_US': 'Costa Cálida'}","{'en_US': 'Murcia'}","{'en_US': 'La Tercia Golf'}","","30590","37.880770000000005","-1.01076"
"{'en_US': 'Murcia'}","{'en_US': 'Murcia'}","{'en_US': 'Costa Cálida'}","{'en_US': 'Murcia'}","{'en_US': 'La Torre Golf - Roldan'}","","30709","-1.00681","37.820890000000006"
"{'en_US': 'Balearic Islands'}","{'en_US': 'Mallorca'}","{'en_US': 'Mallorca'}","{'en_US': 'Inca'}","{'en_US': 'Inca'}","","7300","2.908570000000001","39.72017000000001"
"{'en_US': 'Balearic Islands'}","{'en_US': 'Mallorca'}","{'en_US': 'Mallorca'}","{'en_US': 'Manacor'}","{'en_US': 'Cala Murada'}","","7688","3.267770000000001","39.449960000000004"
"{'en_US': 'Valencia Community'}","{'en_US': 'Alicante'}","{'en_US': 'Marina Alta'}","{'en_US': ""La Vall d'Ebo""}","{'en_US': ""La Vall d'Ebo""}","","03789","-0.16023","38.804840000000006"
"{'en_US': 'Valencia Community'}","{'en_US': 'Alicante'}","{'en_US': 'Marina Alta'}","{'en_US': 'Ondara'}","{'en_US': 'Ondara'}","","03760","0.01701","38.827780000000004"
"{'en_US': 'Valencia Community'}","{'en_US': 'Alicante'}","{'en_US': 'Marina Alta'}","{'en_US': 'Parcent'}","{'en_US': 'Parcent'}","","03792","-0.06534","38.74526000000001"
"{'en_US': 'Murcia'}","{'en_US': 'Murcia'}","{'en_US': 'Río Mula'}","{'en_US': 'Mula'}","{'en_US': 'Mula'}","","30170","-1.49069","38.04187000000001"
"{'en_US': 'Murcia'}","{'en_US': 'Murcia'}","{'en_US': 'Costa Cálida'}","{'en_US': 'Murcia'}","{'en_US': 'Valladolises y Lo Jurado'}","","30154","-1.12379","37.777010000000004"
"{'en_US': 'Murcia'}","{'en_US': 'Murcia'}","{'en_US': 'Costa Cálida'}","{'en_US': 'Murcia'}","{'en_US': 'Valle del Sol (Murcia)'}","","30156","-1.03044","37.85005000000001"
"{'en_US': 'Murcia'}","{'en_US': 'Murcia'}","{'en_US': 'Costa Cálida'}","{'en_US': 'San Pedro del Pinatar'}","{'en_US': 'San Pedro del Pinatar'}","","30740","-0.79161","37.83533000000001"
"{'en_US': 'Valencia Community'}","{'en_US': 'Alicante'}","{'en_US': 'La Vega Baja'}","{'en_US': 'Benferri'}","{'en_US': 'Benferri'}","","03316","-0.96285","38.140660000000004"
"{'en_US': 'Andalucia'}","{'en_US': 'Málaga'}","{'en_US': 'Valle del Guadalhorce'}","{'en_US': 'Álora'}","{'en_US': 'El Chorro'}","","29552","-4.76383","36.908640000000005"
"{'en_US': 'Andalucia'}","{'en_US': 'Málaga'}","{'en_US': 'Costa del Sol'}","{'en_US': 'Málaga'}","{'en_US': 'Campanillas'}","","29590","-4.524980000000001","36.71405000000001"
"{'en_US': 'Andalucia'}","{'en_US': 'Granada'}","{'en_US': 'Costa Tropical'}","{'en_US': 'Motril'}","{'en_US': 'El Varadero'}","","18613","0.0","0.0"
"{'en_US': 'Andalucia'}","{'en_US': 'Granada'}","{'en_US': 'Costa Tropical'}","{'en_US': 'Motril'}","{'en_US': 'Motril'}","","18600","-3.553820000000001","36.74893000000001"
"{'en_US': 'Balearic Islands'}","{'en_US': 'Ibiza'}","{'en_US': 'Ibiza'}","{'en_US': 'Ibiza'}","{'en_US': 'Ibiza'}","","07800","1.42046","38.90682000000001"
"{'en_US': 'Andalucia'}","{'en_US': 'Almería'}","{'en_US': 'Costa Almeria'}","{'en_US': 'San Juan de los Terreros'}","{'en_US': 'San Juan de los Terreros'}","","4648","-1.6778","37.37220000000002"
"{'en_US': 'Andalucia'}","{'en_US': 'Granada'}","{'en_US': 'Granada Inland'}","{'en_US': 'Albolote'}","{'en_US': 'Albolote'}","","18220","-3.656944000000002","37.23055600000002"
"{'en_US': 'Murcia'}","{'en_US': 'Murcia'}","{'en_US': 'Vega Alta'}","{'en_US': 'Cieza'}","{'en_US': 'Cieza'}","","30530","-1.41896","38.23913000000001"
"{'en_US': 'Valencia Community'}","{'en_US': 'Alicante'}","{'en_US': 'Costa Blanca North'}","{'en_US': 'Alicante'}","{'en_US': 'Granja de Rocamora'}","","03348","-0.89092","38.15288000000001"
"{'en_US': 'Valencia Community'}","{'en_US': 'Alicante'}","{'en_US': 'Costa Blanca North'}","{'en_US': 'Alicante'}","{'en_US': 'Jijona / Xixona'}","","03100","-0.50759","38.53927000000001"
"{'en_US': 'Valencia Community'}","{'en_US': 'Alicante'}","{'en_US': 'Costa Blanca North'}","{'en_US': 'Altea'}","{'en_US': 'Albir'}","","03581","-0.96454","39.182820000000014"
"{'en_US': 'Andalucia'}","{'en_US': 'Granada'}","{'en_US': 'Granada Sur'}","{'en_US': 'Alpujarra'}","{'en_US': 'Capileira'}","","18413","-3.36156","36.96127000000001"
"{'en_US': 'Andalucia'}","{'en_US': 'Málaga'}","{'en_US': 'Nororma'}","{'en_US': 'Archidona'}","{'en_US': 'Archidona'}","","29300","-4.390980000000002","37.09497000000001"
"{'en_US': 'Andalucia'}","{'en_US': 'Málaga'}","{'en_US': 'Axarquía'}","{'en_US': 'Sayalonga'}","{'en_US': 'Carraspite'}","","29750","0.0","0.0"
"{'en_US': 'Andalucia'}","{'en_US': 'Almería'}","{'en_US': 'Inland Almeria'}","{'en_US': 'Laujar de Andarax'}","{'en_US': 'Laujar de Andarax'}","","04470","0.0","0.0"
"{'en_US': 'Valencia Community'}","{'en_US': 'Alicante'}","{'en_US': 'Costa Blanca North'}","{'en_US': 'Altea'}","{'en_US': 'Altea'}","","03590","-0.04721","38.60282000000001"
"{'en_US': 'Valencia Community'}","{'en_US': 'Alicante'}","{'en_US': 'Costa Blanca North'}","{'en_US': 'Altea'}","{'en_US': 'Pueblo Mascarat'}","","03599","-0.0358741","38.63301490000002"
"{'en_US': 'Valencia Community'}","{'en_US': 'Alicante'}","{'en_US': 'Costa Blanca North'}","{'en_US': 'Beniardà'}","{'en_US': 'Beniardà'}","","03517","-0.21636","38.683550000000004"
"{'en_US': 'Valencia Community'}","{'en_US': 'Alicante'}","{'en_US': 'Costa Blanca North'}","{'en_US': 'Dénia'}","{'en_US': 'Jesus Pobre'}","","03749","0.0","0.0"
"{'en_US': 'Murcia'}","{'en_US': 'Murcia'}","{'en_US': 'Río Mula'}","{'en_US': 'Campos del Río'}","{'en_US': 'Campos del Río'}","","30191","-1.35253","38.04050000000001"
"{'en_US': 'Murcia'}","{'en_US': 'Murcia'}","{'en_US': 'Valle de Ricote'}","{'en_US': 'Archena'}","{'en_US': 'Archena'}","","30600","-1.29891","38.11431000000001"
"{'en_US': 'Valencia Community'}","{'en_US': 'Alicante'}","{'en_US': 'Marina Alta'}","{'en_US': 'Pegreguer'}","{'en_US': 'Muntanya de la Sella'}","","03750","0.042542515","38.80638960000002"
"{'en_US': 'Valencia Community'}","{'en_US': 'Alicante'}","{'en_US': 'La Vega Baja'}","{'en_US': 'Redován'}","{'en_US': 'Redován'}","","03370","-0.90693","38.11517000000001"
"{'en_US': 'Valencia Community'}","{'en_US': 'Alicante'}","{'en_US': 'La Vega Baja'}","{'en_US': 'Valle de Cofrentes'}","{'en_US': 'Ayora'}","","46620","-1.05716","39.059720000000006"
"{'en_US': 'Valencia Community'}","{'en_US': 'Alicante'}","{'en_US': 'Marina Alta'}","{'en_US': 'Sanet y Negrals'}","{'en_US': 'Sanet y Negrals'}","","03769","-0.03481","38.81954000000001"
"{'en_US': 'Valencia Community'}","{'en_US': 'Alicante'}","{'en_US': 'Costa Blanca North'}","{'en_US': 'Dénia'}","{'en_US': 'La Pedrera'}","","03700","0.0","0.0"
"{'en_US': 'Valencia Community'}","{'en_US': 'Alicante'}","{'en_US': 'Costa Blanca North'}","{'en_US': 'Dénia'}","{'en_US': 'La Xara'}","","03709","0.021661813","38.82882090000001"
"{'en_US': 'Andalucia'}","{'en_US': 'Almería'}","{'en_US': 'Costa Almeria'}","{'en_US': 'Vera'}","{'en_US': 'Vera'}","","04620","0.0","0.0"
"{'en_US': 'Andalucia'}","{'en_US': 'Málaga'}","{'en_US': 'Costa del Sol'}","{'en_US': 'Benahavís'}","{'en_US': 'La Heredia'}","","29678","-5.005700000000002","36.52100000000001"
"{'en_US': 'Andalucia'}","{'en_US': 'Almería'}","{'en_US': 'Inland Almeria'}","{'en_US': 'Albox'}","{'en_US': 'El Cañico'}","","04810","0.0","0.0"
"{'en_US': 'Andalucia'}","{'en_US': 'Málaga'}","{'en_US': 'Costa del Sol'}","{'en_US': 'Málaga'}","{'en_US': 'Huelin'}","","29007","-4.437210000000001","36.71983000000001"
"{'en_US': 'Valencia Community'}","{'en_US': 'Alicante'}","{'en_US': 'Costa Blanca South'}","{'en_US': 'Almoradí'}","{'en_US': 'Almoradí'}","","03160","-0.79193","38.10965000000001"
"{'en_US': 'Valencia Community'}","{'en_US': 'Alicante'}","{'en_US': 'Costa Blanca North'}","{'en_US': 'El Castell de Guadalest'}","{'en_US': 'El Castell de Guadalest'}","","03517","-0.19959","38.67546000000001"
"{'en_US': 'Valencia Community'}","{'en_US': 'Alicante'}","{'en_US': 'Costa Blanca North'}","{'en_US': 'Teulada'}","{'en_US': 'Benimarco'}","","03720","0.061312314","38.70189030000002"
"{'en_US': 'Valencia Community'}","{'en_US': 'Alicante'}","{'en_US': 'Costa Blanca North'}","{'en_US': 'Teulada'}","{'en_US': 'Cumbre del Sol'}","","03726","0.16926","38.71860000000001"
"{'en_US': 'Valencia Community'}","{'en_US': 'Alicante'}","{'en_US': 'Costa Blanca North'}","{'en_US': 'El Verger'}","{'en_US': 'El Verger'}","","03770","0.01044","38.845490000000005"
"{'en_US': 'Valencia Community'}","{'en_US': 'Alicante'}","{'en_US': 'Costa Blanca North'}","{'en_US': 'Guadalest'}","{'en_US': 'Guadalest'}","","03517","-0.17936","38.667930000000005"
"{'en_US': 'Valencia Community'}","{'en_US': 'Valencia'}","{'en_US': 'Costa de Valencia'}","{'en_US': 'Massalfassar'}","{'en_US': 'Massalfassar'}","","46560","0.0","0.0"
"{'en_US': 'Valencia Community'}","{'en_US': 'Alicante'}","{'en_US': 'Medio Vinalopó'}","{'en_US': 'Petrer'}","{'en_US': 'Petrer'}","","03610","-0.7704","38.48501000000001"
"{'en_US': 'Valencia Community'}","{'en_US': 'Alicante'}","{'en_US': 'Medio Vinalopó'}","{'en_US': 'Pinoso/El Pinós'}","{'en_US': 'Culebrón'}","","03658","0.0","0.0"
"{'en_US': 'Balearic Islands'}","{'en_US': 'Menorca'}","{'en_US': 'Menorca'}","{'en_US': 'Alaior'}","{'en_US': 'Alaior'}","","07730","39.933130000000006","4.139690000000002"
"{'en_US': 'Murcia'}","{'en_US': 'Murcia'}","{'en_US': 'Costa Cálida'}","{'en_US': 'Cartagena'}","{'en_US': 'Santa Lucía'}","","30202","-0.980955915","37.59719540000001"
"{'en_US': 'Murcia'}","{'en_US': 'Murcia'}","{'en_US': 'Costa Cálida'}","{'en_US': 'Fuente Álamo de Murcia'}","{'en_US': 'Fuente Álamo de Murcia'}","","30320","-1.17223","37.72261000000001"
"{'en_US': 'Murcia'}","{'en_US': 'Murcia'}","{'en_US': 'Costa Cálida'}","{'en_US': 'Fuente Álamo de Murcia'}","{'en_US': 'Hacienda Del Álamo Golf Resort'}","","30320","0.0","0.0"
"{'en_US': 'Andalucia'}","{'en_US': 'Málaga'}","{'en_US': 'Costa del Sol'}","{'en_US': 'Málaga'}","{'en_US': 'Ciudad Jardín'}","","29014","-4.413040000000001","36.76919000000001"
"{'en_US': 'Andalucia'}","{'en_US': 'Málaga'}","{'en_US': 'Costa del Sol'}","{'en_US': 'Málaga'}","{'en_US': 'El Olivar'}","","29195","-4.496646815000005","36.65222440000003"
"{'en_US': 'Andalucia'}","{'en_US': 'Málaga'}","{'en_US': 'Costa del Sol'}","{'en_US': 'Málaga'}","{'en_US': 'Finca el Pato'}","","29004","-4.470764214000003","36.682326000000025"
"{'en_US': 'Andalucia'}","{'en_US': 'Málaga'}","{'en_US': 'Guadalteba'}","{'en_US': 'Cuevas del Becerro'}","{'en_US': 'Cuevas del Becerro'}","","29470","-5.044010000000001","36.87586000000001"
"{'en_US': 'Andalucia'}","{'en_US': 'Almería'}","{'en_US': 'Inland Almeria'}","{'en_US': 'Íllar'}","{'en_US': 'Íllar'}","","04431","0.0","0.0"
"{'en_US': 'Murcia'}","{'en_US': 'Murcia'}","{'en_US': 'Costa Cálida'}","{'en_US': 'La Unión'}","{'en_US': 'La Unión'}","","30360","-0.88005","37.621520000000004"
"{'en_US': 'Murcia'}","{'en_US': 'Murcia'}","{'en_US': 'Costa Cálida'}","{'en_US': 'Mazarrón'}","{'en_US': 'Puerto de Mazarrón'}","","30860","0.0","0.0"
"{'en_US': 'Valencia Community'}","{'en_US': 'Alicante'}","{'en_US': 'Costa Blanca North'}","{'en_US': 'Finestrat'}","{'en_US': 'Finestrat'}","","03509","-0.21223","38.56792000000001"
"{'en_US': 'Murcia'}","{'en_US': 'Murcia'}","{'en_US': 'Costa Cálida'}","{'en_US': 'Los Alcázares'}","{'en_US': 'Salado Village Beach'}","","30710","-0.8616","37.733560000000004"
"{'en_US': 'Valencia Community'}","{'en_US': 'Alicante'}","{'en_US': 'Comtat'}","{'en_US': 'Muro de Alcoy'}","{'en_US': 'Muro de Alcoy'}","","03830","-0.43585","38.780620000000006"
"{'en_US': 'Murcia'}","{'en_US': 'Murcia'}","{'en_US': 'Alto Guadalentín'}","{'en_US': 'Lorca'}","{'en_US': 'Fontanares'}","","30811","-1.951780000000001","37.70870000000002"
"{'en_US': 'Murcia'}","{'en_US': 'Murcia'}","{'en_US': 'Costa Cálida'}","{'en_US': 'Cartagena'}","{'en_US': 'La Manga Golf Club'}","","30389","0.0","0.0"
"{'en_US': 'Balearic Islands'}","{'en_US': 'Mallorca'}","{'en_US': 'Mallorca'}","{'en_US': 'Calvià'}","{'en_US': 'Bendinat'}","","7181","2.5801","39.532560000000004"
"{'en_US': 'Balearic Islands'}","{'en_US': 'Mallorca'}","{'en_US': 'Mallorca'}","{'en_US': 'Calvià'}","{'en_US': 'Cala Fornells'}","","7160","2.442950000000001","39.534850000000006"
"{'en_US': 'Balearic Islands'}","{'en_US': 'Mallorca'}","{'en_US': 'Mallorca'}","{'en_US': 'Manacor'}","{'en_US': 'Calonge'}","","7669","3.20369","39.400490000000005"
"{'en_US': 'Andalucia'}","{'en_US': 'Almería'}","{'en_US': 'Inland Almeria'}","{'en_US': 'Partaloa'}","{'en_US': 'Partaloa'}","","04850","0.0","0.0"
"{'en_US': 'Andalucia'}","{'en_US': 'Almería'}","{'en_US': 'Inland Almeria'}","{'en_US': 'Mojácar'}","{'en_US': 'Mojácar Playa'}","","04638","0.0","0.0"
"{'en_US': 'Andalucia'}","{'en_US': 'Almería'}","{'en_US': 'Inland Almeria'}","{'en_US': 'Níjar'}","{'en_US': 'El Barranquete'}","","04117","0.0","0.0"
"{'en_US': 'Andalucia'}","{'en_US': 'Málaga'}","{'en_US': 'Guadalteba'}","{'en_US': 'Campillos'}","{'en_US': 'Campillos'}","","29320","-4.862170000000002","37.047010000000014"
"{'en_US': 'Andalucia'}","{'en_US': 'Málaga'}","{'en_US': 'Costa del Sol'}","{'en_US': 'Mijas'}","{'en_US': 'Las Lagunas'}","","29640","-4.63273","36.540780000000005"
"{'en_US': 'Andalucia'}","{'en_US': 'Málaga'}","{'en_US': 'Costa del Sol'}","{'en_US': 'Fuengirola'}","{'en_US': 'Los Pacos'}","","29640","-4.616340000000001","36.562310000000004"
"{'en_US': 'Balearic Islands'}","{'en_US': 'Mallorca'}","{'en_US': 'Mallorca'}","{'en_US': 'Calvià'}","{'en_US': 'El Toro'}","","7180","2.479070000000001","39.489940000000004"
"{'en_US': 'Balearic Islands'}","{'en_US': 'Mallorca'}","{'en_US': 'Mallorca'}","{'en_US': 'Calvià'}","{'en_US': 'Son Ferrer'}","","7181","2.501840000000001","39.496590000000005"
"{'en_US': 'Balearic Islands'}","{'en_US': 'Mallorca'}","{'en_US': 'Mallorca'}","{'en_US': 'Campanet'}","{'en_US': 'Campanet'}","","7310","2.96183","39.776480000000014"
"{'en_US': 'Balearic Islands'}","{'en_US': 'Mallorca'}","{'en_US': 'Mallorca'}","{'en_US': 'Campanet'}","{'en_US': 'Ullaró'}","","7310","2.98616","39.777690000000014"
"{'en_US': 'Balearic Islands'}","{'en_US': 'Mallorca'}","{'en_US': 'Mallorca'}","{'en_US': 'Campos'}","{'en_US': 'Campos'}","","7630","3.018660000000001","39.43209000000001"
"{'en_US': 'Balearic Islands'}","{'en_US': 'Mallorca'}","{'en_US': 'Mallorca'}","{'en_US': 'Costitx'}","{'en_US': 'Costitx'}","","7144","2.94942","39.65627000000001"
"{'en_US': 'Balearic Islands'}","{'en_US': 'Mallorca'}","{'en_US': 'Mallorca'}","{'en_US': 'Deià'}","{'en_US': 'Llucalcari'}","","7179","2.65446","39.76469000000001"
"{'en_US': 'Balearic Islands'}","{'en_US': 'Menorca'}","{'en_US': 'Menorca'}","{'en_US': 'Es Castell'}","{'en_US': 'Es Castell'}","","07720","4.28891","39.87973000000001"
"{'en_US': 'Balearic Islands'}","{'en_US': 'Mallorca'}","{'en_US': 'Mallorca'}","{'en_US': 'Estellencs'}","{'en_US': 'Estellencs'}","","7192","2.48119","39.653450000000014"
"{'en_US': 'Balearic Islands'}","{'en_US': 'Mallorca'}","{'en_US': 'Mallorca'}","{'en_US': 'Fornalutx'}","{'en_US': 'Fornalutx'}","","7109","2.7407","39.78204000000001"
"{'en_US': 'Balearic Islands'}","{'en_US': 'Mallorca'}","{'en_US': 'Mallorca'}","{'en_US': 'Llubí'}","{'en_US': 'Llubí'}","","7430","3.0067","39.700460000000014"
"{'en_US': 'Andalucia'}","{'en_US': 'Almería'}","{'en_US': 'Inland Almeria'}","{'en_US': 'Arboleas'}","{'en_US': 'Limaria'}","","04661","0.0","0.0"
"{'en_US': 'Andalucia'}","{'en_US': 'Almería'}","{'en_US': 'Inland Almeria'}","{'en_US': 'Arboleas'}","{'en_US': 'El Prado'}","","04660","0.0","0.0"
"{'en_US': 'Andalucia'}","{'en_US': 'Cadiz'}","{'en_US': 'Costa de la Luz'}","{'en_US': 'Sanlúcar de Barrameda'}","{'en_US': 'Sanlúcar de Barrameda'}","","11540","-6.353000000000001","36.772600000000004"
"{'en_US': 'Balearic Islands'}","{'en_US': 'Mallorca'}","{'en_US': 'Mallorca'}","{'en_US': 'Llucmajor'}","{'en_US': 'Badia Blava'}","","7609","2.75249","39.43444000000001"
"{'en_US': 'Murcia'}","{'en_US': 'Murcia'}","{'en_US': 'Oriental'}","{'en_US': 'Abanilla'}","{'en_US': 'Macisvenda'}","","30648","-1.021408816","38.26450970000001"
"{'en_US': 'Balearic Islands'}","{'en_US': 'Mallorca'}","{'en_US': 'Mallorca'}","{'en_US': 'Manacor'}","{'en_US': 'Porto Cristo'}","","7680","3.33629","39.54451000000001"
"{'en_US': 'Balearic Islands'}","{'en_US': 'Mallorca'}","{'en_US': 'Mallorca'}","{'en_US': 'Palma'}","{'en_US': 'Las Maravillas'}","","7610","2.75318","39.523250000000004"
"{'en_US': 'Balearic Islands'}","{'en_US': 'Mallorca'}","{'en_US': 'Mallorca'}","{'en_US': 'Palma'}","{'en_US': 'Molinar'}","","7006","2.668060000000001","39.562810000000006"
"{'en_US': 'Balearic Islands'}","{'en_US': 'Mallorca'}","{'en_US': 'Mallorca'}","{'en_US': 'Palma'}","{'en_US': 'Paseo Maritimo'}","","7748","2.636330000000001","39.569610000000004"
"{'en_US': 'Balearic Islands'}","{'en_US': 'Mallorca'}","{'en_US': 'Mallorca'}","{'en_US': 'Palma'}","{'en_US': 'Portixol'}","","7006","2.67094","39.561550000000004"
"{'en_US': 'Balearic Islands'}","{'en_US': 'Mallorca'}","{'en_US': 'Mallorca'}","{'en_US': 'Sant Llorenç des Cardassar'}","{'en_US': 'Cala Millor'}","","7560","3.378340000000001","39.604450000000014"
"{'en_US': 'Balearic Islands'}","{'en_US': 'Mallorca'}","{'en_US': 'Mallorca'}","{'en_US': 'Palma'}","{'en_US': 'Portopí'}","","7015","2.623450000000001","39.553810000000006"
"{'en_US': 'Balearic Islands'}","{'en_US': 'Mallorca'}","{'en_US': 'Mallorca'}","{'en_US': 'Santa Eugènia'}","{'en_US': 'ses Olleries'}","","7142","2.828460000000001","39.61352000000001"
"{'en_US': 'Balearic Islands'}","{'en_US': 'Mallorca'}","{'en_US': 'Mallorca'}","{'en_US': 'Palma'}","{'en_US': 'Playa de Palma'}","","7007","2.687990000000001","39.55707000000001"
"{'en_US': 'Balearic Islands'}","{'en_US': 'Mallorca'}","{'en_US': 'Mallorca'}","{'en_US': 'Sant Joan'}","{'en_US': 'Sant Joan'}","","7240","3.038600000000001","39.597390000000004"
"{'en_US': 'Balearic Islands'}","{'en_US': 'Mallorca'}","{'en_US': 'Mallorca'}","{'en_US': 'Sant Llorenç des Cardassar'}","{'en_US': 'Sant Llorenç des Cardassar'}","","7530","3.28538","39.611470000000004"
"{'en_US': 'Balearic Islands'}","{'en_US': 'Mallorca'}","{'en_US': 'Mallorca'}","{'en_US': 'Sencelles'}","{'en_US': 'Biniali'}","","7143","2.859560000000001","39.641310000000004"
"{'en_US': 'Balearic Islands'}","{'en_US': 'Mallorca'}","{'en_US': 'Mallorca'}","{'en_US': 'Ses Salines'}","{'en_US': 'Es Trenc'}","","7639","2.98445","39.345310000000005"
"{'en_US': 'Balearic Islands'}","{'en_US': 'Mallorca'}","{'en_US': 'Mallorca'}","{'en_US': 'Son Servera'}","{'en_US': 'Son Servera'}","","7550","3.359780000000001","39.62147000000001"
"{'en_US': 'Andalucia'}","{'en_US': 'Córdoba'}","{'en_US': 'Subbética'}","{'en_US': 'Cabra'}","{'en_US': 'Cabra'}","","14940","0.0","0.0"
"{'en_US': 'Andalucia'}","{'en_US': 'Almería'}","{'en_US': 'Inland Almeria'}","{'en_US': 'Vícar'}","{'en_US': 'La Envía'}","","04727","-2.623496317","36.83625730000002"
"{'en_US': 'Andalucia'}","{'en_US': 'Málaga'}","{'en_US': 'Axarquía'}","{'en_US': 'La Viñuela'}","{'en_US': 'La Viñuela'}","","29712","-4.141140000000001","36.86211000000001"
"{'en_US': 'Andalucia'}","{'en_US': 'Almería'}","{'en_US': 'Inland Almeria'}","{'en_US': 'Gérgal'}","{'en_US': 'La Estación'}","","04649","0.0","0.0"
"{'en_US': 'Andalucia'}","{'en_US': 'Málaga'}","{'en_US': 'Serranía de Ronda'}","{'en_US': 'Cartajima'}","{'en_US': 'Cartajima'}","","29452","-5.153930000000001","36.64553000000001"
"{'en_US': 'Balearic Islands'}","{'en_US': 'Menorca'}","{'en_US': 'Menorca'}","{'en_US': 'Es Migjorn Gran'}","{'en_US': 'Es Migjorn Gran'}","","07749","4.049740000000002","39.946920000000006"
"{'en_US': 'Balearic Islands'}","{'en_US': 'Menorca'}","{'en_US': 'Menorca'}","{'en_US': 'Sant Lluís'}","{'en_US': 'Sant Lluís'}","","07710","4.257630000000002","39.84935000000001"
"{'en_US': 'Balearic Islands'}","{'en_US': 'Menorca'}","{'en_US': 'Menorca'}","{'en_US': 'Mercadal'}","{'en_US': 'Mercadal'}","","07740","39.99031000000001","4.092530000000001"
"{'en_US': 'Valencia Community'}","{'en_US': 'Alicante'}","{'en_US': 'Comtat'}","{'en_US': 'Almudaina'}","{'en_US': 'Almudaina'}","","03827","-0.35416","38.76075000000001"
"{'en_US': 'Valencia Community'}","{'en_US': 'Alicante'}","{'en_US': 'Comtat'}","{'en_US': 'Lorcha'}","{'en_US': ""Lorcha/L'Orxa""}","","03860","-0.348923113","38.84809350000001"
"{'en_US': 'Valencia Community'}","{'en_US': 'Alicante'}","{'en_US': 'Marina Alta'}","{'en_US': 'Atzúbia'}","{'en_US': 'Atzúbia'}","","03786","-0.40151","38.41731000000001"
"{'en_US': 'Valencia Community'}","{'en_US': 'Alicante'}","{'en_US': 'Marina Alta'}","{'en_US': 'Beniarbeig'}","{'en_US': 'Beniarbeig'}","","03778","-0.00186","38.822170000000014"
"{'en_US': 'Valencia Community'}","{'en_US': 'Alicante'}","{'en_US': 'Marina Alta'}","{'en_US': 'Benimeli'}","{'en_US': 'Benimeli'}","","03769","-0.04188","38.82285000000001"
"{'en_US': 'Valencia Community'}","{'en_US': 'Alicante'}","{'en_US': 'Medio Vinalopó'}","{'en_US': 'Monforte del Cid'}","{'en_US': 'Monforte del Cid'}","","03670","-0.73005","38.379650000000005"
"{'en_US': 'Andalucia'}","{'en_US': 'Almería'}","{'en_US': 'Inland Almeria'}","{'en_US': 'Albox'}","{'en_US': 'La Rambla'}","","04271","0.0","0.0"
"{'en_US': 'Andalucia'}","{'en_US': 'Almería'}","{'en_US': 'Inland Almeria'}","{'en_US': 'El Ejido'}","{'en_US': 'San Agustín'}","","04717","0.0","0.0"
"{'en_US': 'Andalucia'}","{'en_US': 'Málaga'}","{'en_US': 'Costa del Sol'}","{'en_US': 'Mijas'}","{'en_US': 'El Faro'}","","29649","-4.642510000000001","36.510580000000004"
"{'en_US': 'Valencia Community'}","{'en_US': 'Valencia'}","{'en_US': 'Campo de Turia'}","{'en_US': 'La Pobla de Vallbona'}","{'en_US': 'La Pobla de Vallbona'}","","46185","0.0","0.0"
"{'en_US': 'Balearic Islands'}","{'en_US': 'Mallorca'}","{'en_US': 'Mallorca'}","{'en_US': 'Sencelles'}","{'en_US': 'Ruberts'}","","7511","2.937330000000001","39.623120000000014"
"{'en_US': 'Murcia'}","{'en_US': 'Murcia'}","{'en_US': 'Vega Media'}","{'en_US': 'Ceutí'}","{'en_US': 'Ceutí'}","","30562","-1.27413","38.077700000000014"
"{'en_US': 'Valencia Community'}","{'en_US': 'Valencia'}","{'en_US': 'Costa de Valencia'}","{'en_US': 'Ador'}","{'en_US': 'Ador'}","","46729","-0.2249927","38.91770710000002"
"{'en_US': 'Valencia Community'}","{'en_US': 'Valencia'}","{'en_US': 'Costa de Valencia'}","{'en_US': 'Barx'}","{'en_US': 'Barx'}","","46758","-0.302021","39.01481240000001"
"{'en_US': 'Valencia Community'}","{'en_US': 'Valencia'}","{'en_US': 'Costa de Valencia'}","{'en_US': 'Guardamar de la Safor'}","{'en_US': 'Guardamar de la Safor'}","","46711","0.0","0.0"
"{'en_US': 'Valencia Community'}","{'en_US': 'Valencia'}","{'en_US': 'Costa de Valencia'}","{'en_US': 'Palma de Gandia'}","{'en_US': 'Palma de Gandia'}","","46724","0.0","0.0"
"{'en_US': 'Balearic Islands'}","{'en_US': 'Mallorca'}","{'en_US': 'Mallorca'}","{'en_US': 'Marratxí'}","{'en_US': 'Placita de Na Tesa'}","","7141","2.707970000000001","39.597970000000004"
"{'en_US': 'Balearic Islands'}","{'en_US': 'Mallorca'}","{'en_US': 'Mallorca'}","{'en_US': 'Calvià'}","{'en_US': 'Sol de Mallorca'}","","7181","2.524210000000001","39.48131000000001"
"{'en_US': 'Andalucia'}","{'en_US': 'Málaga'}","{'en_US': 'Costa del Sol'}","{'en_US': 'Málaga'}","{'en_US': 'Teatinos-Universidad'}","","29010","-4.476910000000001","36.72012000000001"
"{'en_US': 'Andalucia'}","{'en_US': 'Almería'}","{'en_US': 'Inland Almeria'}","{'en_US': 'Albox'}","{'en_US': 'Locaíba'}","","04814","0.0","0.0"
"{'en_US': 'Andalucia'}","{'en_US': 'Málaga'}","{'en_US': 'Costa del Sol East'}","{'en_US': 'Velez-Málaga'}","{'en_US': 'El Hornillo'}","","29749","-4.144983814000002","36.72442020000001"
"{'en_US': 'Andalucia'}","{'en_US': 'Málaga'}","{'en_US': 'Costa del Sol East'}","{'en_US': 'Velez-Málaga'}","{'en_US': 'Chilches'}","","29790","-4.221220000000002","36.728030000000004"
"{'en_US': 'Andalucia'}","{'en_US': 'Málaga'}","{'en_US': 'Costa del Sol'}","{'en_US': 'Mijas'}","{'en_US': 'Mijas'}","","29650","-4.635300000000002","36.59723000000001"
"{'en_US': 'Andalucia'}","{'en_US': 'Almería'}","{'en_US': 'Inland Almeria'}","{'en_US': 'Rioja'}","{'en_US': 'Rioja'}","","04260","0.0","0.0"
"{'en_US': 'Valencia Community'}","{'en_US': 'Alicante'}","{'en_US': 'Hoja de Alcoy'}","{'en_US': 'Tibi'}","{'en_US': 'Tibi'}","","03109","-0.57754","38.53090000000001"
"{'en_US': 'Valencia Community'}","{'en_US': 'Valencia'}","{'en_US': 'Costa de Valencia'}","{'en_US': 'Polinyà de Xúquer'}","{'en_US': 'Polinyà de Xúquer'}","","46688","0.0","0.0"
"{'en_US': 'Valencia Community'}","{'en_US': 'Valencia'}","{'en_US': 'Costa de Valencia'}","{'en_US': 'Favara'}","{'en_US': 'Favara'}","","46614","0.0","0.0"
"{'en_US': 'Murcia'}","{'en_US': 'Murcia'}","{'en_US': 'Costa Cálida'}","{'en_US': 'Mazarrón'}","{'en_US': 'Mazarrón'}","","30870","-1.31385","37.59865000000001"
"{'en_US': 'Valencia Community'}","{'en_US': 'Valencia'}","{'en_US': 'Costa de Valencia'}","{'en_US': 'Castellonet de la Conquesta'}","{'en_US': 'Castellonet de la Conquesta'}","","46726","0.0","0.0"
"{'en_US': 'Andalucia'}","{'en_US': 'Cadiz'}","{'en_US': 'Costa de la Luz'}","{'en_US': 'Chiclana de la Frontera'}","{'en_US': 'Chiclana de la Frontera'}","","11130","-6.192039613000002","36.41194280000001"
"{'en_US': 'Andalucia'}","{'en_US': 'Almería'}","{'en_US': 'Inland Almeria'}","{'en_US': 'Armuña de Almanzora'}","{'en_US': 'Armuña de Almanzora'}","","04888","-2.411606500000001","37.34972710000002"
"{'en_US': 'Andalucia'}","{'en_US': 'Almería'}","{'en_US': 'Inland Almeria'}","{'en_US': 'Abrucena'}","{'en_US': 'Abrucena'}","","04520","0.0","0.0"
"{'en_US': 'Andalucia'}","{'en_US': 'Almería'}","{'en_US': 'Costa Almeria'}","{'en_US': 'Adra'}","{'en_US': 'Fuente del Ahijado'}","","04778","0.0","0.0"
"{'en_US': 'Murcia'}","{'en_US': 'Murcia'}","{'en_US': 'Bajo Guadalentín'}","{'en_US': 'Alhama de Murcia'}","{'en_US': 'Condado de Alhama Golf'}","","30840","-1.35863","37.735620000000004"
"{'en_US': 'Valencia Community'}","{'en_US': 'Alicante'}","{'en_US': 'Costa Blanca South'}","{'en_US': 'Algorfa'}","{'en_US': 'Algorfa, La Finca Golf'}","","03169","-0.93818","38.05937000000001"
"{'en_US': 'Balearic Islands'}","{'en_US': 'Mallorca'}","{'en_US': 'Mallorca'}","{'en_US': 'Palma'}","{'en_US': 'Son Gual'}","","7199","2.830900000000001","39.56642000000001"
"{'en_US': 'Balearic Islands'}","{'en_US': 'Mallorca'}","{'en_US': 'Mallorca'}","{'en_US': 'Calvià'}","{'en_US': 'Anchorage Hill'}","","7181","2.588050000000001","39.539590000000004"
"{'en_US': 'Valencia Community'}","{'en_US': 'Valencia'}","{'en_US': 'Costa de Valencia'}","{'en_US': ""Canet d'En Berenguer""}","{'en_US': ""Canet d'En Berenguer""}","","46529","0.0","0.0"
"{'en_US': 'Andalucia'}","{'en_US': 'Málaga'}","{'en_US': 'Costa del Sol East'}","{'en_US': 'Rincón de la Victoria'}","{'en_US': 'Rincón de la Victoria'}","","29730","-4.279380000000002","36.716210000000004"
"{'en_US': 'Andalucia'}","{'en_US': 'Málaga'}","{'en_US': 'Costa del Sol'}","{'en_US': 'Málaga'}","{'en_US': 'Martiricos'}","","29009","-4.430521316000005","36.73008230000003"
"{'en_US': 'Andalucia'}","{'en_US': 'Almería'}","{'en_US': 'Inland Almeria'}","{'en_US': 'Níjar'}","{'en_US': 'Albaricoques'}","","04116","-2.1223592","36.84938780000002"
"{'en_US': 'Andalucia'}","{'en_US': 'Granada'}","{'en_US': 'Comarca de Loja'}","{'en_US': 'Loja'}","{'en_US': 'Loja'}","","18300","-4.156046500000002","37.16974190000001"
"{'en_US': 'Valencia Community'}","{'en_US': 'Alicante'}","{'en_US': 'Costa Blanca South'}","{'en_US': 'Almoradí'}","{'en_US': 'Algorfa'}","","03169","-0.79615","38.08621000000001"
"{'en_US': 'Valencia Community'}","{'en_US': 'Alicante'}","{'en_US': 'La Vega Baja'}","{'en_US': 'Daya Vieja'}","{'en_US': 'Daya Vieja'}","","03177","-0.73494","38.10497000000001"
"{'en_US': 'Valencia Community'}","{'en_US': 'Valencia'}","{'en_US': 'Costa de Valencia'}","{'en_US': 'Bellreguard'}","{'en_US': 'Bellreguard'}","","46713","-0.1615484","38.94629480000001"
"{'en_US': 'Murcia'}","{'en_US': 'Murcia'}","{'en_US': 'Costa Cálida'}","{'en_US': 'San Javier'}","{'en_US': 'La Manga del Mar Menor'}","","30380","-0.71747","37.645920000000004"
"{'en_US': 'Balearic Islands'}","{'en_US': 'Mallorca'}","{'en_US': 'Mallorca'}","{'en_US': 'Llucmajor'}","{'en_US': 'Son Verí Nou'}","","7620","2.741060000000001","39.49231000000001"
"{'en_US': 'Balearic Islands'}","{'en_US': 'Mallorca'}","{'en_US': 'Mallorca'}","{'en_US': 'Esporles'}","{'en_US': 'Esporles'}","","7190","2.586450000000001","39.66315000000001"
"{'en_US': 'Balearic Islands'}","{'en_US': 'Mallorca'}","{'en_US': 'Mallorca'}","{'en_US': 'Maria de la Salut'}","{'en_US': 'María de la Salut'}","","7519","3.07456","39.666790000000006"
"{'en_US': 'Balearic Islands'}","{'en_US': 'Mallorca'}","{'en_US': 'Mallorca'}","{'en_US': 'Puigpunyent'}","{'en_US': 'Puigpunyent'}","","7194","2.528910000000001","39.626970000000014"
"{'en_US': 'Balearic Islands'}","{'en_US': 'Mallorca'}","{'en_US': 'Mallorca'}","{'en_US': 'Puigpunyent'}","{'en_US': 'Galilea'}","","7195","2.50492","39.61104000000001"
"{'en_US': 'Balearic Islands'}","{'en_US': 'Mallorca'}","{'en_US': 'Mallorca'}","{'en_US': 'Puigpunyent'}","{'en_US': 'Son Serralta'}","","7194","2.54276","39.616960000000006"
"{'en_US': 'Valencia Community'}","{'en_US': 'Valencia'}","{'en_US': 'Costa de Valencia'}","{'en_US': 'Albalat dels Tarongers'}","{'en_US': 'Albalat dels Tarongers'}","","46591","-0.3371981","39.70289080000001"
"{'en_US': 'Balearic Islands'}","{'en_US': 'Mallorca'}","{'en_US': 'Mallorca'}","{'en_US': 'Manacor'}","{'en_US': 'Cala Anguila'}","","7680","3.316790000000001","39.52138000000001"
"{'en_US': 'Andalucia'}","{'en_US': 'Almería'}","{'en_US': 'Inland Almeria'}","{'en_US': 'Cantoria'}","{'en_US': 'Arroyo Aceituno'}","","04850","0.0","0.0"
"{'en_US': 'Andalucia'}","{'en_US': 'Almería'}","{'en_US': 'Inland Almeria'}","{'en_US': 'Níjar'}","{'en_US': 'Fernán Pérez'}","","04116","0.0","0.0"
"{'en_US': 'Balearic Islands'}","{'en_US': 'Mallorca'}","{'en_US': 'Mallorca'}","{'en_US': 'Algaida'}","{'en_US': 'Algaida'}","","7210","2.89167","39.558330000000005"
"{'en_US': 'Valencia Community'}","{'en_US': 'Alicante'}","{'en_US': 'Costa Blanca North'}","{'en_US': 'Benidorm'}","{'en_US': 'Playa Poniente'}","","03500","0.0","0.0"
"{'en_US': 'Valencia Community'}","{'en_US': 'Alicante'}","{'en_US': 'Costa Blanca North'}","{'en_US': 'Dénia'}","{'en_US': 'La Sella'}","","03700","0.10526","38.838710000000006"
"{'en_US': 'Balearic Islands'}","{'en_US': 'Mallorca'}","{'en_US': 'Mallorca'}","{'en_US': 'Calvià'}","{'en_US': 'Portals Nous'}","","7181","2.571200000000001","39.53522000000001"
"{'en_US': 'Balearic Islands'}","{'en_US': 'Mallorca'}","{'en_US': 'Mallorca'}","{'en_US': 'Calvià'}","{'en_US': 'Puerto Portals'}","","7181","2.565920000000001","39.529720000000005"
"{'en_US': 'Balearic Islands'}","{'en_US': 'Mallorca'}","{'en_US': 'Mallorca'}","{'en_US': 'Calvià'}","{'en_US': 'Real Golf de Bendinat'}","","7181","2.584200000000001","39.54793000000001"
"{'en_US': 'Valencia Community'}","{'en_US': 'Valencia'}","{'en_US': 'Costa de Valencia'}","{'en_US': 'Meliana'}","{'en_US': 'Meliana'}","","46133","0.0","0.0"
"{'en_US': 'Andalucia'}","{'en_US': 'Málaga'}","{'en_US': 'Nororma'}","{'en_US': 'Cuevas Bajas'}","{'en_US': 'Cuevas Bajas'}","","29220","-4.488420000000001","37.235580000000006"
"{'en_US': 'Andalucia'}","{'en_US': 'Málaga'}","{'en_US': 'Costa del Sol'}","{'en_US': 'Mijas'}","{'en_US': 'Torrenueva'}","","29649","-4.692710000000002","36.49654000000001"
"{'en_US': 'Andalucia'}","{'en_US': 'Granada'}","{'en_US': 'Costa Tropical'}","{'en_US': 'Polopos'}","{'en_US': 'Castillo de Baños'}","","18750","0.0","0.0"
"{'en_US': 'Valencia Community'}","{'en_US': 'Alicante'}","{'en_US': 'Costa Blanca North'}","{'en_US': 'Polop'}","{'en_US': 'Polop'}","","03520","-0.12754","38.62268000000001"
"{'en_US': 'Valencia Community'}","{'en_US': 'Alicante'}","{'en_US': 'Marina Alta'}","{'en_US': ""El Ràfol d'Almúnia""}","{'en_US': ""El Ràfol d'Almúnia""}","","03769","-0.05293","38.820420000000006"
"{'en_US': 'Valencia Community'}","{'en_US': 'Valencia'}","{'en_US': 'Costa de Valencia'}","{'en_US': 'Albalat de la Ribera'}","{'en_US': 'Albalat de la Ribera'}","","46687","-0.3866468","39.20126270000002"
"{'en_US': 'Murcia'}","{'en_US': 'Murcia'}","{'en_US': 'Costa Cálida'}","{'en_US': 'Murcia'}","{'en_US': 'Murcia'}","","30001","-1.13054","37.992380000000004"
"{'en_US': 'Valencia Community'}","{'en_US': 'Alicante'}","{'en_US': 'Costa Blanca North'}","{'en_US': 'La Safor'}","{'en_US': 'Oliva'}","","46780","-0.1209","38.920240000000014"
"{'en_US': 'Valencia Community'}","{'en_US': 'Alicante'}","{'en_US': 'Costa Blanca North'}","{'en_US': 'Orxeta'}","{'en_US': 'Orxeta'}","","03579","-0.2623","38.56320000000001"
"{'en_US': 'Valencia Community'}","{'en_US': 'Valencia'}","{'en_US': 'Costa de Valencia'}","{'en_US': 'Alboraya'}","{'en_US': 'Alboraya'}","","46120","-0.34948","39.50099540000002"
"{'en_US': 'Andalucia'}","{'en_US': 'Almería'}","{'en_US': 'Inland Almeria'}","{'en_US': 'Vícar'}","{'en_US': 'Llanos de Vícar'}","","04738","0.0","0.0"
"{'en_US': 'Andalucia'}","{'en_US': 'Almería'}","{'en_US': 'Inland Almeria'}","{'en_US': 'Albox'}","{'en_US': 'Aljambra'}","","04814","0.0","0.0"
"{'en_US': 'Andalucia'}","{'en_US': 'Almería'}","{'en_US': 'Inland Almeria'}","{'en_US': 'Gérgal'}","{'en_US': 'Arroyo Verdelecho'}","","04550","0.0","0.0"
"{'en_US': 'Andalucia'}","{'en_US': 'Málaga'}","{'en_US': 'Sierra de las Nieves'}","{'en_US': 'Tolox'}","{'en_US': 'Tolox'}","","29109","-4.905090000000001","36.68742000000001"
"{'en_US': 'Andalucia'}","{'en_US': 'Granada'}","{'en_US': 'Costa Tropical'}","{'en_US': 'Polopos'}","{'en_US': 'Haza del Trigo'}","","18750","-3.313190000000001","36.758160000000004"
"{'en_US': 'Balearic Islands'}","{'en_US': 'Mallorca'}","{'en_US': 'Mallorca'}","{'en_US': 'Alcúdia'}","{'en_US': ""C'an Picafort""}","","7458","3.15202","39.76545000000001"
"{'en_US': 'Murcia'}","{'en_US': 'Murcia'}","{'en_US': 'Costa Cálida'}","{'en_US': 'Murcia'}","{'en_US': 'Roda Golf and Beach Resort'}","","30739","-0.85534","37.76856000000001"
"{'en_US': 'Valencia Community'}","{'en_US': 'Alicante'}","{'en_US': 'Marina Alta'}","{'en_US': ""L'Atzúbia""}","{'en_US': ""L'Atzúbia""}","","03786","-0.151946918","38.847519100000014"
"{'en_US': 'Balearic Islands'}","{'en_US': 'Mallorca'}","{'en_US': 'Mallorca'}","{'en_US': 'Calvià'}","{'en_US': 'Calvià'}","","7180","2.52804","39.48294000000001"
"{'en_US': 'Balearic Islands'}","{'en_US': 'Mallorca'}","{'en_US': 'Mallorca'}","{'en_US': 'Felanitx'}","{'en_US': 'Cala Brafi'}","","7669","3.253820000000001","39.404460000000014"
"{'en_US': 'Andalucia'}","{'en_US': 'Almería'}","{'en_US': 'Inland Almeria'}","{'en_US': 'Sorbas'}","{'en_US': 'Fonte, El'}","","04271","0.0","0.0"
"{'en_US': 'Andalucia'}","{'en_US': 'Málaga'}","{'en_US': 'Costa del Sol'}","{'en_US': 'Málaga'}","{'en_US': 'El Cortijuelo'}","","29190","-4.500299916000002","36.75913900000001"
"{'en_US': 'Andalucia'}","{'en_US': 'Almería'}","{'en_US': 'Inland Almeria'}","{'en_US': 'Oria'}","{'en_US': 'Oria'}","","04810","0.0","0.0"
"{'en_US': 'Andalucia'}","{'en_US': 'Málaga'}","{'en_US': 'Axarquía'}","{'en_US': 'Macharaviaya'}","{'en_US': 'Macharaviaya'}","","29791","-4.213820000000001","36.76238000000001"
"{'en_US': 'Andalucia'}","{'en_US': 'Almería'}","{'en_US': 'Inland Almeria'}","{'en_US': 'La Mojonera'}","{'en_US': 'Venta del Viso'}","","04746","0.0","0.0"
"{'en_US': 'Balearic Islands'}","{'en_US': 'Mallorca'}","{'en_US': 'Mallorca'}","{'en_US': 'Manacor'}","{'en_US': 'Cala Serena'}","","7669","3.242840000000001","39.379920000000006"
"{'en_US': 'Balearic Islands'}","{'en_US': 'Mallorca'}","{'en_US': 'Mallorca'}","{'en_US': 'Manacor'}","{'en_US': ""S'Illot-Cala Morlanda""}","","7687","3.37268","39.561600000000006"
"{'en_US': 'Balearic Islands'}","{'en_US': 'Mallorca'}","{'en_US': 'Mallorca'}","{'en_US': 'Palma'}","{'en_US': 'Establiments'}","","7010","2.616870000000001","39.63293000000001"
"{'en_US': 'Balearic Islands'}","{'en_US': 'Mallorca'}","{'en_US': 'Mallorca'}","{'en_US': 'Palma'}","{'en_US': 'Es Pil-lari'}","","7600","2.755900000000001","39.529120000000006"
"{'en_US': 'Balearic Islands'}","{'en_US': 'Mallorca'}","{'en_US': 'Mallorca'}","{'en_US': 'Pollença'}","{'en_US': 'Cala San Vicente'}","","7469","3.05522","39.919340000000005"
"{'en_US': 'Andalucia'}","{'en_US': 'Málaga'}","{'en_US': 'Costa del Sol'}","{'en_US': 'Fuengirola'}","{'en_US': 'El Coto'}","","29640","-4.641100000000001","36.55340000000001"
"{'en_US': 'Andalucia'}","{'en_US': 'Almería'}","{'en_US': 'Inland Almeria'}","{'en_US': 'Berja'}","{'en_US': 'Peñarrodada'}","","04769","0.0","0.0"
"{'en_US': 'Andalucia'}","{'en_US': 'Almería'}","{'en_US': 'Inland Almeria'}","{'en_US': 'Abla'}","{'en_US': 'Abla'}","","04510","-2.7792318","37.14169260000002"
"{'en_US': 'Andalucia'}","{'en_US': 'Granada'}","{'en_US': 'Granada Sur'}","{'en_US': 'Alpujarra'}","{'en_US': 'Órgiva'}","","18418","-3.422150000000001","36.900510000000004"
"{'en_US': 'Andalucia'}","{'en_US': 'Almería'}","{'en_US': 'Inland Almeria'}","{'en_US': 'Gérgal'}","{'en_US': 'El Cortijo Alto'}","","04550","0.0","0.0"
"{'en_US': 'Andalucia'}","{'en_US': 'Málaga'}","{'en_US': 'Costa del Sol'}","{'en_US': 'Manilva'}","{'en_US': 'La Duquesa'}","","29692","-4.514090000000001","36.60253000000001"
"{'en_US': 'Murcia'}","{'en_US': 'Murcia'}","{'en_US': 'Costa Cálida'}","{'en_US': 'Torre Pacheco'}","{'en_US': 'Mar Menor Golf Resort'}","","30700","-0.9172","37.74459000000001"
"{'en_US': 'Valencia Community'}","{'en_US': 'Alicante'}","{'en_US': 'Costa Blanca North'}","{'en_US': 'Benifato'}","{'en_US': 'Benifato'}","","03517","-0.2294","38.67334000000001"
"{'en_US': 'Balearic Islands'}","{'en_US': 'Mallorca'}","{'en_US': 'Mallorca'}","{'en_US': 'Lloseta'}","{'en_US': 'Lloseta'}","","7360","2.869470000000001","39.71914000000001"
"{'en_US': 'Valencia Community'}","{'en_US': 'Alicante'}","{'en_US': 'Comtat'}","{'en_US': 'Benillup'}","{'en_US': 'Benillup'}","","03827","-0.37882","38.753560000000014"
"{'en_US': 'Andalucia'}","{'en_US': 'Almería'}","{'en_US': 'Inland Almeria'}","{'en_US': 'Las Tres Villas'}","{'en_US': 'Las Tres Villas'}","","04530","0.0","0.0"
"{'en_US': 'Andalucia'}","{'en_US': 'Almería'}","{'en_US': 'Inland Almeria'}","{'en_US': 'Cantoria'}","{'en_US': 'La Hojilla'}","","04850","0.0","0.0"
"{'en_US': 'Andalucia'}","{'en_US': 'Málaga'}","{'en_US': 'Costa del Sol'}","{'en_US': 'Marbella'}","{'en_US': 'Ojén'}","","29610","-4.855730000000001","36.56385000000001"
"{'en_US': 'Andalucia'}","{'en_US': 'Almería'}","{'en_US': 'Inland Almeria'}","{'en_US': 'Velefique'}","{'en_US': 'Velefique'}","","04212","0.0","0.0"
"{'en_US': 'Andalucia'}","{'en_US': 'Jaen'}","{'en_US': 'La Loma'}","{'en_US': 'Úbeda'}","{'en_US': 'Úbeda'}","","23400","-3.382884815000002","38.01695770000002"
"{'en_US': 'Andalucia'}","{'en_US': 'Málaga'}","{'en_US': 'Costa del Sol'}","{'en_US': 'Málaga'}","{'en_US': 'Churriana'}","","29140","-4.506000000000001","36.668740000000014"
"{'en_US': 'Andalucia'}","{'en_US': 'Almería'}","{'en_US': 'Inland Almeria'}","{'en_US': 'Arboleas'}","{'en_US': 'Venta Mateo'}","","04660","0.0","0.0"
"{'en_US': 'Andalucia'}","{'en_US': 'Almería'}","{'en_US': 'Inland Almeria'}","{'en_US': 'Mojácar'}","{'en_US': 'Agua del Medio-El Sopalmo'}","","04638","0.0","0.0"
"{'en_US': 'Andalucia'}","{'en_US': 'Almería'}","{'en_US': 'Inland Almeria'}","{'en_US': 'Cantoria'}","{'en_US': 'Almanzora'}","","04815","-2.135590800000001","37.349154300000016"
"{'en_US': 'Andalucia'}","{'en_US': 'Málaga'}","{'en_US': 'Sierra de las Nieves'}","{'en_US': 'Casarabonela'}","{'en_US': 'Casarabonela'}","","29566","-4.843070000000002","36.78521000000001"
"{'en_US': 'Andalucia'}","{'en_US': 'Cadiz'}","{'en_US': 'Costa de la Luz'}","{'en_US': 'Campo de Gibraltar'}","{'en_US': 'La Línea de la Concepción'}","","11300","-5.352648100000001","36.16725750000001"
"{'en_US': 'Andalucia'}","{'en_US': 'Málaga'}","{'en_US': 'Costa del Sol'}","{'en_US': 'Casares'}","{'en_US': 'Casares'}","","29690","-5.272890000000001","36.44335000000001"
"{'en_US': 'Andalucia'}","{'en_US': 'Málaga'}","{'en_US': 'Costa del Sol'}","{'en_US': 'Mijas'}","{'en_US': 'Mijas Golf'}","","29649","-4.658500000000001","36.548300000000005"
"{'en_US': 'Andalucia'}","{'en_US': 'Granada'}","{'en_US': 'Costa Tropical'}","{'en_US': 'Albuñol'}","{'en_US': 'La Rabita'}","","18760","0.0","0.0"
"{'en_US': 'Andalucia'}","{'en_US': 'Almería'}","{'en_US': 'Inland Almeria'}","{'en_US': 'El Ejido'}","{'en_US': 'Balerma'}","","04712","-2.887065400000001","36.73141010000001"
"{'en_US': 'Andalucia'}","{'en_US': 'Málaga'}","{'en_US': 'Costa del Sol'}","{'en_US': 'Estepona'}","{'en_US': 'Bel Air'}","","29688","-5.043990000000002","36.46718000000001"
"{'en_US': 'Andalucia'}","{'en_US': 'Granada'}","{'en_US': 'Granada Sur'}","{'en_US': 'Alpujarra'}","{'en_US': 'Soportújar'}","","18410","-3.406760000000001","36.92819000000001"
"{'en_US': 'Andalucia'}","{'en_US': 'Almería'}","{'en_US': 'Inland Almeria'}","{'en_US': 'Suflí'}","{'en_US': 'Suflí'}","","04878","0.0","0.0"
"{'en_US': 'Andalucia'}","{'en_US': 'Almería'}","{'en_US': 'Inland Almeria'}","{'en_US': 'Alcolea'}","{'en_US': 'Darrícal'}","","04768","0.0","0.0"
"{'en_US': 'Andalucia'}","{'en_US': 'Málaga'}","{'en_US': 'Costa del Sol'}","{'en_US': 'Casares'}","{'en_US': 'Doña Julia'}","","29690","-5.224390000000001","36.387800000000006"
"{'en_US': 'Valencia Community'}","{'en_US': 'Alicante'}","{'en_US': 'Comtat'}","{'en_US': 'Cocentaina'}","{'en_US': 'Cocentaina'}","","03820","-0.44007","38.74416000000001"
"{'en_US': 'Valencia Community'}","{'en_US': 'Alicante'}","{'en_US': 'Comtat'}","{'en_US': 'Famorca'}","{'en_US': 'Famorca'}","","03813","-0.24649","38.731700000000004"
"{'en_US': 'Valencia Community'}","{'en_US': 'Alicante'}","{'en_US': 'Marina Alta'}","{'en_US': 'Benigembla'}","{'en_US': 'Benigembla'}","","03794","-0.10974","38.75408000000001"
"{'en_US': 'Valencia Community'}","{'en_US': 'Alicante'}","{'en_US': 'Medio Vinalopó'}","{'en_US': 'Monforte del Cid'}","{'en_US': 'Monforte del Cid - Alenda Golf'}","","03670","-0.77394","38.372240000000005"
"{'en_US': 'Andalucia'}","{'en_US': 'Granada'}","{'en_US': 'Costa Tropical'}","{'en_US': 'Motril'}","{'en_US': 'Torrenueva Costa'}","","18730","0.0","0.0"
"{'en_US': 'Andalucia'}","{'en_US': 'Málaga'}","{'en_US': 'Costa del Sol'}","{'en_US': 'Mijas'}","{'en_US': 'Miraflores'}","","29649","-4.698650000000001","36.491270000000014"
"{'en_US': 'Andalucia'}","{'en_US': 'Málaga'}","{'en_US': 'Axarquía'}","{'en_US': 'Moclinejo'}","{'en_US': 'Moclinejo'}","","29738","-4.255440000000001","36.77159000000001"
"{'en_US': 'Andalucia'}","{'en_US': 'Almería'}","{'en_US': 'Inland Almeria'}","{'en_US': 'Chercos'}","{'en_US': 'Chercos'}","","04859","0.0","0.0"
"{'en_US': 'Andalucia'}","{'en_US': 'Almería'}","{'en_US': 'Inland Almeria'}","{'en_US': 'Cóbdar'}","{'en_US': 'Cóbdar'}","","04859","0.0","0.0"
"{'en_US': 'Andalucia'}","{'en_US': 'Almería'}","{'en_US': 'Inland Almeria'}","{'en_US': 'Fines'}","{'en_US': 'Fines'}","","04869","0.0","0.0"
"{'en_US': 'Valencia Community'}","{'en_US': 'Valencia'}","{'en_US': 'Costa de Valencia'}","{'en_US': 'La Pobla de Farnals'}","{'en_US': 'La Pobla de Farnals'}","","46139","0.0","0.0"
"{'en_US': 'Murcia'}","{'en_US': 'Murcia'}","{'en_US': 'Costa Cálida'}","{'en_US': 'Murcia'}","{'en_US': 'Cañada de San Pedro'}","","30164","0.0","0.0"
"{'en_US': 'Murcia'}","{'en_US': 'Murcia'}","{'en_US': 'Costa Cálida'}","{'en_US': 'Murcia'}","{'en_US': 'Gea Y Truyols'}","","30590","0.0","0.0"
"{'en_US': 'Valencia Community'}","{'en_US': 'Alicante'}","{'en_US': 'La Vega Baja'}","{'en_US': ""Vall d'Albaida""}","{'en_US': ""Vall d'Albaida""}","","03540","-0.61771","38.76316000000001"
"{'en_US': 'Andalucia'}","{'en_US': 'Almería'}","{'en_US': 'Inland Almeria'}","{'en_US': 'Gérgal'}","{'en_US': 'Las Alcubillas'}","","04558","0.0","0.0"
"{'en_US': 'Andalucia'}","{'en_US': 'Almería'}","{'en_US': 'Inland Almeria'}","{'en_US': 'Arboleas'}","{'en_US': 'Los Cojos'}","","04660","0.0","0.0"
"{'en_US': 'Andalucia'}","{'en_US': 'Almería'}","{'en_US': 'Inland Almeria'}","{'en_US': 'Albox'}","{'en_US': 'Saliente Alto'}","","04813","0.0","0.0"
"{'en_US': 'Andalucia'}","{'en_US': 'Almería'}","{'en_US': 'Inland Almeria'}","{'en_US': 'Albox'}","{'en_US': 'Saliente Bajo'}","","04813","0.0","0.0"
"{'en_US': 'Andalucia'}","{'en_US': 'Granada'}","{'en_US': 'Costa Tropical'}","{'en_US': 'Los Guájares'}","{'en_US': 'Guájar Alto'}","","18615","-3.624600000000001","36.85370000000001"
"{'en_US': 'Andalucia'}","{'en_US': 'Granada'}","{'en_US': 'Costa Tropical'}","{'en_US': 'Los Guájares'}","{'en_US': 'Guájar Fondón'}","","18615","0.0","0.0"
"{'en_US': 'Andalucia'}","{'en_US': 'Granada'}","{'en_US': 'Costa Tropical'}","{'en_US': 'Los Guájares'}","{'en_US': 'Guájar-Faragüit'}","","18615","0.0","0.0"
"{'en_US': 'Andalucia'}","{'en_US': 'Almería'}","{'en_US': 'Costa Almeria'}","{'en_US': 'Roquetas de Mar'}","{'en_US': 'Aguadulce'}","","04740","-2.570968800000002","36.81240670000001"
"{'en_US': 'Valencia Community'}","{'en_US': 'Alicante'}","{'en_US': 'Marina Alta'}","{'en_US': 'Orba'}","{'en_US': 'Orba'}","","03790","-0.06388","38.78038000000001"
"{'en_US': 'Balearic Islands'}","{'en_US': 'Mallorca'}","{'en_US': 'Mallorca'}","{'en_US': 'Santa María del Camí'}","{'en_US': 'Santa Maria del Camí'}","","7320","2.77478","39.650160000000014"
"{'en_US': 'Balearic Islands'}","{'en_US': 'Mallorca'}","{'en_US': 'Mallorca'}","{'en_US': 'Sóller'}","{'en_US': 'Sóller'}","","7100","2.71649","39.76700000000001"
"{'en_US': 'Balearic Islands'}","{'en_US': 'Mallorca'}","{'en_US': 'Mallorca'}","{'en_US': 'Sóller'}","{'en_US': 'Biniaraix'}","","7101","2.735990000000001","39.771800000000006"
"{'en_US': 'Valencia Community'}","{'en_US': 'Alicante'}","{'en_US': 'Comtat'}","{'en_US': 'Benasau'}","{'en_US': 'Benasau'}","","03814","-0.3433","38.69034000000001"
"{'en_US': 'Valencia Community'}","{'en_US': 'Alicante'}","{'en_US': 'Comtat'}","{'en_US': 'Benilloba'}","{'en_US': 'Benilloba'}","","03810","-0.38985","38.700230000000005"
"{'en_US': 'Andalucia'}","{'en_US': 'Granada'}","{'en_US': 'Comarca de Baza'}","{'en_US': 'Zújar'}","{'en_US': 'Zújar'}","","18811","-2.849747716000001","37.54047710000001"
"{'en_US': 'Andalucia'}","{'en_US': 'Málaga'}","{'en_US': 'Costa del Sol'}","{'en_US': 'Marbella'}","{'en_US': 'Las Brisas'}","","29660","-4.969900000000002","36.51050000000001"
"{'en_US': 'Andalucia'}","{'en_US': 'Granada'}","{'en_US': 'Costa Tropical'}","{'en_US': 'Almuñécar'}","{'en_US': 'Almuñécar'}","","18690","-3.690720000000001","36.73393000000001"
"{'en_US': 'Andalucia'}","{'en_US': 'Cadiz'}","{'en_US': 'Costa de la Luz'}","{'en_US': 'Gibraltar'}","{'en_US': 'Gibraltar Town'}","","GX11 1AA","-5.421836200000002","36.13191300000001"
"{'en_US': 'Andalucia'}","{'en_US': 'Granada'}","{'en_US': 'Comarca de Loja'}","{'en_US': 'Huétor-Tájar'}","{'en_US': 'Huétor-Tájar'}","","18360","-4.058286215000003","37.19790630000002"
"{'en_US': 'Andalucia'}","{'en_US': 'Málaga'}","{'en_US': 'Costa del Sol East'}","{'en_US': 'Velez-Málaga'}","{'en_US': 'Trapiche'}","","29719","-4.123450000000001","36.80344000000001"
"{'en_US': 'Andalucia'}","{'en_US': 'Almería'}","{'en_US': 'Inland Almeria'}","{'en_US': 'Alcóntar'}","{'en_US': 'Alcóntar'}","","04897","0.0","0.0"
"{'en_US': 'Andalucia'}","{'en_US': 'Almería'}","{'en_US': 'Costa Almeria'}","{'en_US': 'Almería'}","{'en_US': 'Venta Gaspar'}","","04120","0.0","0.0"
"{'en_US': 'Valencia Community'}","{'en_US': 'Valencia'}","{'en_US': 'Costa de Valencia'}","{'en_US': 'Alfara de Algimia'}","{'en_US': 'Alfara de Algimia'}","","46148","-0.3629991","39.75360430000002"
"{'en_US': 'Andalucia'}","{'en_US': 'Granada'}","{'en_US': 'Granada'}","{'en_US': 'Granada'}","{'en_US': 'Granada'}","","18012","-3.591270000000001","37.18095000000001"
"{'en_US': 'Andalucia'}","{'en_US': 'Málaga'}","{'en_US': 'Axarquía'}","{'en_US': 'Cútar'}","{'en_US': 'Cútar'}","","29718","-4.228760000000001","36.831030000000005"
"{'en_US': 'Valencia Community'}","{'en_US': 'Valencia'}","{'en_US': 'Costa de Valencia'}","{'en_US': 'Estivella'}","{'en_US': 'Estivella'}","","46590","0.0","0.0"
"{'en_US': 'Valencia Community'}","{'en_US': 'Valencia'}","{'en_US': 'Costa de Valencia'}","{'en_US': 'Faura'}","{'en_US': 'Faura'}","","46512","0.0","0.0"
"{'en_US': 'Valencia Community'}","{'en_US': 'Valencia'}","{'en_US': 'Costa de Valencia'}","{'en_US': 'Llaurí'}","{'en_US': 'Llaurí'}","","46613","0.0","0.0"
"{'en_US': 'Balearic Islands'}","{'en_US': 'Mallorca'}","{'en_US': 'Mallorca'}","{'en_US': 'Sencelles'}","{'en_US': 'Sencelles'}","","7140","2.89844","39.646860000000004"
"{'en_US': 'Valencia Community'}","{'en_US': 'Alicante'}","{'en_US': 'Comtat'}","{'en_US': 'Agres'}","{'en_US': 'Agres'}","","03837","-0.51573","38.779900000000005"
"{'en_US': 'Valencia Community'}","{'en_US': 'Valencia'}","{'en_US': 'Costa de Valencia'}","{'en_US': 'Miramar'}","{'en_US': 'Miramar'}","","46711","0.0","0.0"
"{'en_US': 'Valencia Community'}","{'en_US': 'Valencia'}","{'en_US': 'Costa de Valencia'}","{'en_US': 'Museros'}","{'en_US': 'Museros'}","","46136","0.0","0.0"
"{'en_US': 'Valencia Community'}","{'en_US': 'Alicante'}","{'en_US': 'Medio Vinalopó'}","{'en_US': 'Novelda'}","{'en_US': 'Novelda'}","","03660","-0.76741","38.38421000000001"
"{'en_US': 'Valencia Community'}","{'en_US': 'Alicante'}","{'en_US': 'Hoja de Alcoy'}","{'en_US': 'Alcoy'}","{'en_US': 'Alcoy/Alcoi'}","","03800","-0.47922","38.700520000000004"
"{'en_US': 'Valencia Community'}","{'en_US': 'Valencia'}","{'en_US': 'Costa de Valencia'}","{'en_US': 'Almoines'}","{'en_US': 'Almoines'}","","46723","-0.1817019","38.94353940000001"
"{'en_US': 'Valencia Community'}","{'en_US': 'Valencia'}","{'en_US': 'Costa de Valencia'}","{'en_US': 'Emperador'}","{'en_US': 'Emperador'}","","46135","0.0","0.0"
"{'en_US': 'Balearic Islands'}","{'en_US': 'Mallorca'}","{'en_US': 'Mallorca'}","{'en_US': 'Inca'}","{'en_US': 'Caimari'}","","7314","2.902000000000001","39.77150000000001"
"{'en_US': 'Balearic Islands'}","{'en_US': 'Mallorca'}","{'en_US': 'Mallorca'}","{'en_US': 'Artà'}","{'en_US': 'Betlem'}","","7579","3.31555","39.75327000000001"
"{'en_US': 'Murcia'}","{'en_US': 'Murcia'}","{'en_US': 'Altiplano'}","{'en_US': 'Jumilla'}","{'en_US': 'La Zarza'}","","30529","-1.147162718","38.31856320000002"
"{'en_US': 'Balearic Islands'}","{'en_US': 'Mallorca'}","{'en_US': 'Mallorca'}","{'en_US': 'Manacor'}","{'en_US': 'Cala Figuera'}","","7659","3.169900000000001","39.32959000000001"
"{'en_US': 'Valencia Community'}","{'en_US': 'Alicante'}","{'en_US': 'Costa Blanca South'}","{'en_US': 'San Miguel de Salinas'}","{'en_US': 'El Galán'}","","03193","-0.78485","37.944970000000005"
"{'en_US': 'Valencia Community'}","{'en_US': 'Alicante'}","{'en_US': 'Costa Blanca South'}","{'en_US': 'San Miguel de Salinas'}","{'en_US': 'San Miguel de Salinas'}","","03193","-0.78906","37.976910000000004"
"{'en_US': 'Valencia Community'}","{'en_US': 'Alicante'}","{'en_US': 'Costa Blanca South'}","{'en_US': 'San Miguel de Salinas'}","{'en_US': 'Vistabella Golf'}","","03319","-0.82354","38.035810000000005"
"{'en_US': 'Andalucia'}","{'en_US': 'Málaga'}","{'en_US': 'Axarquía'}","{'en_US': 'El Borge'}","{'en_US': 'El Borge'}","","29718","-4.234830000000001","36.81450000000001"
"{'en_US': 'Valencia Community'}","{'en_US': 'Alicante'}","{'en_US': 'Costa Blanca South'}","{'en_US': 'Orihuela Costa'}","{'en_US': 'Entre Naranjos'}","","03319","0.0","0.0"
"{'en_US': 'Balearic Islands'}","{'en_US': 'Mallorca'}","{'en_US': 'Mallorca'}","{'en_US': 'Calvià'}","{'en_US': 'Portals Vells'}","","7181","2.518580000000001","39.47379000000001"
"{'en_US': 'Balearic Islands'}","{'en_US': 'Mallorca'}","{'en_US': 'Mallorca'}","{'en_US': 'Calvià'}","{'en_US': 'Es Capdellà'}","","7196","2.468510000000001","39.57961000000001"
"{'en_US': 'Balearic Islands'}","{'en_US': 'Mallorca'}","{'en_US': 'Mallorca'}","{'en_US': 'Calvià'}","{'en_US': 'Port Adriano'}","","7180","2.48107","39.49235000000001"
"{'en_US': 'Balearic Islands'}","{'en_US': 'Mallorca'}","{'en_US': 'Mallorca'}","{'en_US': 'Santanyí'}","{'en_US': 'Cala Llombards'}","","7690","3.132530000000001","39.319190000000006"
"{'en_US': 'Balearic Islands'}","{'en_US': 'Mallorca'}","{'en_US': 'Mallorca'}","{'en_US': 'Santanyí'}","{'en_US': ""Cap d'Es Moró""}","","7690","3.18686","39.34512000000001"
"{'en_US': 'Balearic Islands'}","{'en_US': 'Mallorca'}","{'en_US': 'Mallorca'}","{'en_US': 'Ses Salines'}","{'en_US': 'Ses Salines'}","","7640","3.0538","39.33946000000001"
"{'en_US': 'Balearic Islands'}","{'en_US': 'Mallorca'}","{'en_US': 'Mallorca'}","{'en_US': 'Ses Salines'}","{'en_US': 'Colònia de Sant Jordi'}","","7638","2.991140000000001","39.31980000000001"
"{'en_US': 'Valencia Community'}","{'en_US': 'Alicante'}","{'en_US': 'Comtat'}","{'en_US': 'Gorga'}","{'en_US': 'Gorga'}","","03811","-0.3562","38.71927000000001"
"{'en_US': 'Valencia Community'}","{'en_US': 'Valencia'}","{'en_US': 'Costa de Valencia'}","{'en_US': 'Burjassot'}","{'en_US': 'Burjassot'}","","46100","-0.4108581","39.50905990000001"
"{'en_US': 'Valencia Community'}","{'en_US': 'Alicante'}","{'en_US': 'Comtat'}","{'en_US': 'Benimarfull'}","{'en_US': 'Benimarfull'}","","03827","-0.3912","38.77579000000001"
"{'en_US': 'Balearic Islands'}","{'en_US': 'Mallorca'}","{'en_US': 'Mallorca'}","{'en_US': 'Montuïri'}","{'en_US': 'Montuïri'}","","7230","2.98155","39.566950000000006"
"{'en_US': 'Valencia Community'}","{'en_US': 'Valencia'}","{'en_US': 'Costa de Valencia'}","{'en_US': 'Moncada'}","{'en_US': 'Moncada'}","","46113","0.0","0.0"
"{'en_US': 'Balearic Islands'}","{'en_US': 'Mallorca'}","{'en_US': 'Mallorca'}","{'en_US': 'Algaida'}","{'en_US': 'Pina'}","","7220","2.92419","39.59924000000001"
"{'en_US': 'Andalucia'}","{'en_US': 'Almería'}","{'en_US': 'Inland Almeria'}","{'en_US': 'Purchena'}","{'en_US': 'Purchena'}","","04870","0.0","0.0"
"{'en_US': 'Balearic Islands'}","{'en_US': 'Ibiza'}","{'en_US': 'Ibiza'}","{'en_US': 'Sant Joan de Labritja'}","{'en_US': 'Port de Sant Miguel'}","","07815","1.44144","39.077090000000005"
"{'en_US': 'Murcia'}","{'en_US': 'Murcia'}","{'en_US': 'Oriental'}","{'en_US': 'Abanilla'}","{'en_US': 'Abanilla'}","","30640","-1.04083","38.205360000000006"
"{'en_US': 'Balearic Islands'}","{'en_US': 'Mallorca'}","{'en_US': 'Mallorca'}","{'en_US': 'Santa Margalida'}","{'en_US': 'Santa Margalida'}","","7450","3.104460000000001","39.704290000000015"
"{'en_US': 'Valencia Community'}","{'en_US': 'Alicante'}","{'en_US': 'Alto Vinalopó'}","{'en_US': 'Biar'}","{'en_US': 'Biar'}","","03410","-0.76467","38.63054000000001"
"{'en_US': 'Valencia Community'}","{'en_US': 'Alicante'}","{'en_US': 'Alto Vinalopó'}","{'en_US': 'Cañada'}","{'en_US': 'Cañada'}","","03699","-0.8097","38.675030000000014"
"{'en_US': 'Valencia Community'}","{'en_US': 'Alicante'}","{'en_US': 'Alto Vinalopó'}","{'en_US': 'Salinas'}","{'en_US': 'Salinas'}","","03638","-0.91323","38.519760000000005"
"{'en_US': 'Valencia Community'}","{'en_US': 'Alicante'}","{'en_US': 'Comtat'}","{'en_US': 'Tollos'}","{'en_US': 'Tollos'}","","03813","-0.27469","38.757000000000005"
"{'en_US': 'Balearic Islands'}","{'en_US': 'Mallorca'}","{'en_US': 'Mallorca'}","{'en_US': 'Marratxí'}","{'en_US': 'Pòrtol'}","","7141","2.771780000000001","39.615210000000005"
"{'en_US': 'Murcia'}","{'en_US': 'Murcia'}","{'en_US': 'Altiplano'}","{'en_US': 'Jumilla'}","{'en_US': 'Jumilla'}","","30520","-1.32854","38.473470000000006"
"{'en_US': 'Valencia Community'}","{'en_US': 'Alicante'}","{'en_US': 'La Vega Baja'}","{'en_US': 'Los Serranos'}","{'en_US': 'Los Serranos'}","","03003","-0.91598","39.68760000000001"
"{'en_US': 'Valencia Community'}","{'en_US': 'Valencia'}","{'en_US': 'Costa de Valencia'}","{'en_US': 'Petrés'}","{'en_US': 'Petrés'}","","46501","0.0","0.0"
"{'en_US': 'Valencia Community'}","{'en_US': 'Alicante'}","{'en_US': 'Costa Blanca North'}","{'en_US': 'Alicante'}","{'en_US': 'Playa San Juan'}","","38687","0.0","0.0"
"{'en_US': 'Balearic Islands'}","{'en_US': 'Mallorca'}","{'en_US': 'Mallorca'}","{'en_US': 'Muro'}","{'en_US': 'Muro'}","","7440","3.05483","39.734480000000005"
"{'en_US': 'Murcia'}","{'en_US': 'Murcia'}","{'en_US': 'Costa Cálida'}","{'en_US': 'San Javier'}","{'en_US': 'La Manga'}","","30380","-0.7368","37.72530000000001"
"{'en_US': 'Andalucia'}","{'en_US': 'Almería'}","{'en_US': 'Inland Almeria'}","{'en_US': 'El Ejido'}","{'en_US': 'Santa María del Águila'}","","04710","0.0","0.0"
"{'en_US': 'Balearic Islands'}","{'en_US': 'Mallorca'}","{'en_US': 'Mallorca'}","{'en_US': 'Alcúdia'}","{'en_US': 'Barcares'}","","7400","3.1201","39.86531000000001"
"{'en_US': 'Andalucia'}","{'en_US': 'Málaga'}","{'en_US': 'Serranía de Ronda'}","{'en_US': 'Jubrique'}","{'en_US': 'Jubrique'}","","29492","-5.214610000000001","36.564260000000004"
"{'en_US': 'Valencia Community'}","{'en_US': 'Alicante'}","{'en_US': 'Costa Blanca South'}","{'en_US': 'Santa Pola'}","{'en_US': 'Gran Alacant'}","","03130","-0.53887","38.23178000000001"
"{'en_US': 'Balearic Islands'}","{'en_US': 'Mallorca'}","{'en_US': 'Mallorca'}","{'en_US': 'Bunyola'}","{'en_US': 'Palmanyola'}","","7193","2.66952","39.66125000000001"
"{'en_US': 'Murcia'}","{'en_US': 'Murcia'}","{'en_US': 'Costa Cálida'}","{'en_US': 'Mazarrón'}","{'en_US': 'El Margajón'}","","30335","-1.254360917","37.64626410000001"
"{'en_US': 'Valencia Community'}","{'en_US': 'Valencia'}","{'en_US': 'Costa de Valencia'}","{'en_US': 'Foios'}","{'en_US': 'Foios'}","","46134","0.0","0.0"
"{'en_US': 'Valencia Community'}","{'en_US': 'Valencia'}","{'en_US': 'Costa de Valencia'}","{'en_US': 'Benirredrà'}","{'en_US': 'Benirredrà'}","","46703","-0.1926545","38.96179240000002"
"{'en_US': 'Murcia'}","{'en_US': 'Murcia'}","{'en_US': 'Costa Cálida'}","{'en_US': 'Mazarrón'}","{'en_US': 'Bolnuevo'}","","30877","-1.30804","37.563410000000005"
"{'en_US': 'Murcia'}","{'en_US': 'Murcia'}","{'en_US': 'Río Mula'}","{'en_US': 'Pliego'}","{'en_US': 'Pliego'}","","30176","-1.50614","37.988450000000014"
"{'en_US': 'Valencia Community'}","{'en_US': 'Alicante'}","{'en_US': 'Costa Blanca North'}","{'en_US': 'Alicante'}","{'en_US': 'Monóvar'}","","03640","-0.83907","38.43697000000001"
"{'en_US': 'Valencia Community'}","{'en_US': 'Alicante'}","{'en_US': 'Costa Blanca North'}","{'en_US': 'Alicante'}","{'en_US': 'San Vicente del Raspeig'}","","03690","-0.52503","38.39642000000001"
"{'en_US': 'Valencia Community'}","{'en_US': 'Alicante'}","{'en_US': 'Costa Blanca North'}","{'en_US': 'Benidorm'}","{'en_US': 'Benidorm'}","","03501","-0.12909","38.540630000000014"
"{'en_US': 'Andalucia'}","{'en_US': 'Málaga'}","{'en_US': 'Serranía de Ronda'}","{'en_US': 'Jimera de Líbar'}","{'en_US': 'Jimera de Líbar'}","","29392","-5.274230000000001","36.651180000000004"
"{'en_US': 'Andalucia'}","{'en_US': 'Málaga'}","{'en_US': 'Serranía de Ronda'}","{'en_US': 'Júzcar'}","{'en_US': 'Júzcar'}","","29462","-5.170810000000001","36.625580000000014"
"{'en_US': 'Andalucia'}","{'en_US': 'Almería'}","{'en_US': 'Inland Almeria'}","{'en_US': 'Olula de Castro'}","{'en_US': 'Olula de Castro'}","","04212","0.0","0.0"
"{'en_US': 'Balearic Islands'}","{'en_US': 'Ibiza'}","{'en_US': 'Ibiza'}","{'en_US': 'Formentera'}","{'en_US': 'Sant Francesc Xavier'}","","07860","1.42849","38.705560000000006"
"{'en_US': 'Andalucia'}","{'en_US': 'Almería'}","{'en_US': 'Inland Almeria'}","{'en_US': 'Níjar'}","{'en_US': 'Las Hortichuelas'}","","04116","0.0","0.0"
"{'en_US': 'Andalucia'}","{'en_US': 'Málaga'}","{'en_US': 'Costa del Sol'}","{'en_US': 'Marbella'}","{'en_US': 'Hacienda Las Chapas'}","","29604","-4.758800000000002","36.50390000000001"
"{'en_US': 'Andalucia'}","{'en_US': 'Granada'}","{'en_US': 'Comarca de Loja'}","{'en_US': 'Montefrío'}","{'en_US': 'Montefrío'}","","18270","0.0","0.0"
"{'en_US': 'Valencia Community'}","{'en_US': 'Valencia'}","{'en_US': 'Costa de Valencia'}","{'en_US': 'Corbera'}","{'en_US': 'Corbera'}","","46612","0.0","0.0"
"{'en_US': 'Balearic Islands'}","{'en_US': 'Mallorca'}","{'en_US': 'Mallorca'}","{'en_US': 'Artà'}","{'en_US': 'Colònia de Sant Pere'}","","7579","3.279770000000001","39.73782000000001"
"{'en_US': 'Valencia Community'}","{'en_US': 'Alicante'}","{'en_US': 'Comtat'}","{'en_US': 'Alfafara'}","{'en_US': 'Alfafara'}","","03838","-0.55456","38.773270000000004"
"{'en_US': 'Andalucia'}","{'en_US': 'Málaga'}","{'en_US': 'Costa del Sol'}","{'en_US': 'Marbella'}","{'en_US': 'Marbesa'}","","29604","-4.756960000000001","36.489920000000005"
"{'en_US': 'Andalucia'}","{'en_US': 'Málaga'}","{'en_US': 'Sierra de las Nieves'}","{'en_US': 'Monda'}","{'en_US': 'Monda'}","","29110","-4.830610000000001","36.630010000000006"
"{'en_US': 'Andalucia'}","{'en_US': 'Almería'}","{'en_US': 'Costa Almeria'}","{'en_US': 'Almería'}","{'en_US': 'Rambla de Morales'}","","04150","0.0","0.0"
"{'en_US': 'Andalucia'}","{'en_US': 'Almería'}","{'en_US': 'Costa Almeria'}","{'en_US': 'Almería'}","{'en_US': 'Ruescas'}","","04151","0.0","0.0"
"{'en_US': 'Andalucia'}","{'en_US': 'Málaga'}","{'en_US': 'Costa del Sol'}","{'en_US': 'Málaga'}","{'en_US': 'Málaga'}","","29001","-4.421640000000001","36.721300000000014"
"{'en_US': 'Valencia Community'}","{'en_US': 'Alicante'}","{'en_US': 'Costa Blanca North'}","{'en_US': 'Benissa'}","{'en_US': 'Benissa'}","","03720","0.0534","38.716370000000005"
"{'en_US': 'Balearic Islands'}","{'en_US': 'Menorca'}","{'en_US': 'Menorca'}","{'en_US': 'Ciutadella'}","{'en_US': 'Ciutadella'}","","07760","3.840390000000001","39.99828000000001"
"{'en_US': 'Murcia'}","{'en_US': 'Murcia'}","{'en_US': 'Costa Cálida'}","{'en_US': 'Los Alcázares'}","{'en_US': 'Roda Golf'}","","30710","0.0","0.0"
"{'en_US': 'Murcia'}","{'en_US': 'Murcia'}","{'en_US': 'Costa Cálida'}","{'en_US': 'Murcia'}","{'en_US': 'Los Avileses'}","","30592","0.0","0.0"
"{'en_US': 'Balearic Islands'}","{'en_US': 'Mallorca'}","{'en_US': 'Mallorca'}","{'en_US': 'Manacor'}","{'en_US': 'Son Macià'}","","7509","3.216730000000001","39.51346000000001"
"{'en_US': 'Balearic Islands'}","{'en_US': 'Mallorca'}","{'en_US': 'Mallorca'}","{'en_US': 'Llucmajor'}","{'en_US': 'Puigderrós'}","","7609","2.75139","39.45022000000001"
"{'en_US': 'Balearic Islands'}","{'en_US': 'Mallorca'}","{'en_US': 'Mallorca'}","{'en_US': 'Llucmajor'}","{'en_US': ""S'Estanyol de Migjorn""}","","7639","2.918270000000001","39.36314000000001"
"{'en_US': 'Balearic Islands'}","{'en_US': 'Mallorca'}","{'en_US': 'Mallorca'}","{'en_US': 'Palma'}","{'en_US': ""Coll d'en Rabassa""}","","7007","2.69628","39.551120000000004"
"{'en_US': 'Balearic Islands'}","{'en_US': 'Mallorca'}","{'en_US': 'Mallorca'}","{'en_US': 'Palma'}","{'en_US': 'Gènova'}","","7015","2.599100000000001","39.562850000000005"
"{'en_US': 'Valencia Community'}","{'en_US': 'Alicante'}","{'en_US': 'Costa Blanca South'}","{'en_US': 'Torrevieja'}","{'en_US': 'La Veleta'}","","03185","-0.73073","37.96164000000001"
"{'en_US': 'Valencia Community'}","{'en_US': 'Valencia'}","{'en_US': 'Costa de Valencia'}","{'en_US': 'Albuixech'}","{'en_US': 'Albuixech'}","","46550","-0.3247783","39.54428520000001"
"{'en_US': 'Valencia Community'}","{'en_US': 'Valencia'}","{'en_US': 'Costa de Valencia'}","{'en_US': 'Beniarjó'}","{'en_US': 'Beniarjó'}","","46722","-0.1870182","38.93246980000002"
"{'en_US': 'Valencia Community'}","{'en_US': 'Valencia'}","{'en_US': 'Costa de Valencia'}","{'en_US': 'Almàssera'}","{'en_US': 'Almàssera'}","","46132","-0.3562374","39.51182130000002"
"{'en_US': 'Andalucia'}","{'en_US': 'Granada'}","{'en_US': 'Comarca de Alhama'}","{'en_US': 'Alhama de Granada'}","{'en_US': 'Alhama de Granada'}","","18120","0.0","0.0"
"{'en_US': 'Balearic Islands'}","{'en_US': 'Mallorca'}","{'en_US': 'Mallorca'}","{'en_US': 'Palma'}","{'en_US': 'Creu Vermella'}","","7198","2.71567","39.581550000000014"
"{'en_US': 'Balearic Islands'}","{'en_US': 'Mallorca'}","{'en_US': 'Mallorca'}","{'en_US': 'Llucmajor'}","{'en_US': 'Tolleric'}","","7639","2.74443","39.41787000000001"
"{'en_US': 'Valencia Community'}","{'en_US': 'Valencia'}","{'en_US': 'Costa de Valencia'}","{'en_US': 'Fortaleny'}","{'en_US': 'Fortaleny'}","","46418","0.0","0.0"
"{'en_US': 'Valencia Community'}","{'en_US': 'Alicante'}","{'en_US': 'La Vega Baja'}","{'en_US': 'San Isidro'}","{'en_US': 'San Isidro'}","","03349","-0.83874","38.17076000000001"
"{'en_US': 'Balearic Islands'}","{'en_US': 'Mallorca'}","{'en_US': 'Mallorca'}","{'en_US': 'Llucmajor'}","{'en_US': 'Llucmajor'}","","7620","2.88081","39.470430000000015"
"{'en_US': 'Balearic Islands'}","{'en_US': 'Mallorca'}","{'en_US': 'Mallorca'}","{'en_US': 'Santanyí'}","{'en_US': ""Cala d'Or""}","","7660","3.22885","39.37373000000001"
"{'en_US': 'Valencia Community'}","{'en_US': 'Valencia'}","{'en_US': 'Costa de Valencia'}","{'en_US': 'Almussafes'}","{'en_US': 'Almussafes'}","","46440","-0.4138577","39.29243340000002"
"{'en_US': 'Balearic Islands'}","{'en_US': 'Mallorca'}","{'en_US': 'Mallorca'}","{'en_US': 'Capdepera'}","{'en_US': 'Cala Rajada'}","","7590","3.456670000000001","39.710210000000004"
"{'en_US': 'Valencia Community'}","{'en_US': 'Valencia'}","{'en_US': 'Costa de Valencia'}","{'en_US': 'Massamagrell'}","{'en_US': 'Massamagrell'}","","46130","0.0","0.0"
"{'en_US': 'Valencia Community'}","{'en_US': 'Alicante'}","{'en_US': 'Costa Blanca North'}","{'en_US': 'Alicante'}","{'en_US': 'Villamontes'}","","03690","-0.53377","38.43059000000001"
"{'en_US': 'Balearic Islands'}","{'en_US': 'Mallorca'}","{'en_US': 'Mallorca'}","{'en_US': 'Capdepera'}","{'en_US': 'Capdepera'}","","7580","3.435250000000001","39.70293000000001"
"{'en_US': 'Balearic Islands'}","{'en_US': 'Mallorca'}","{'en_US': 'Mallorca'}","{'en_US': 'Deià'}","{'en_US': 'Deià'}","","7179","2.648070000000001","39.749010000000006"
"{'en_US': 'Valencia Community'}","{'en_US': 'Alicante'}","{'en_US': 'Comtat'}","{'en_US': ""L'Orxa/Lorcha""}","{'en_US': ""L'Orxa/Lorcha""}","","03860","-0.31146","38.84382000000001"
"{'en_US': 'Balearic Islands'}","{'en_US': 'Mallorca'}","{'en_US': 'Mallorca'}","{'en_US': 'Palma'}","{'en_US': 'Son Rapinya'}","","7013","2.618440000000001","39.58465000000001"
"{'en_US': 'Balearic Islands'}","{'en_US': 'Mallorca'}","{'en_US': 'Mallorca'}","{'en_US': 'Banyalbufar'}","{'en_US': 'Banyalbufar'}","","7191","2.514770000000001","39.687450000000005"
"{'en_US': 'Valencia Community'}","{'en_US': 'Alicante'}","{'en_US': 'Hoja de Alcoy'}","{'en_US': 'Benifallim'}","{'en_US': 'Benifallim'}","","03816","-0.39989","38.66277000000001"
"{'en_US': 'Valencia Community'}","{'en_US': 'Alicante'}","{'en_US': 'Costa Blanca South'}","{'en_US': 'Ciudad Quesada / Rojales'}","{'en_US': 'Montemar ( Algorfa )'}","","03169","-0.779846517","38.06544890000003"
"{'en_US': 'Valencia Community'}","{'en_US': 'Alicante'}","{'en_US': 'Costa Blanca South'}","{'en_US': 'Ciudad Quesada / Rojales'}","{'en_US': 'Rojales'}","","03170","-0.72282","38.08717000000001"
"{'en_US': 'Balearic Islands'}","{'en_US': 'Mallorca'}","{'en_US': 'Mallorca'}","{'en_US': 'Palma'}","{'en_US': 'Santa Catalina'}","","7013","2.637210000000001","39.57262000000001"
"{'en_US': 'Valencia Community'}","{'en_US': 'Alicante'}","{'en_US': 'Costa Blanca North'}","{'en_US': 'Villajoyosa'}","{'en_US': 'Villajoyosa'}","","03570","-0.23112","38.506750000000004"
"{'en_US': 'Balearic Islands'}","{'en_US': 'Mallorca'}","{'en_US': 'Mallorca'}","{'en_US': 'Palma'}","{'en_US': 'Sant Agustí'}","","7015","2.59808","39.554410000000004"
"{'en_US': 'Balearic Islands'}","{'en_US': 'Mallorca'}","{'en_US': 'Mallorca'}","{'en_US': 'Palma'}","{'en_US': 'Son Espanyol'}","","7120","2.643800000000001","39.635220000000004"
"{'en_US': 'Balearic Islands'}","{'en_US': 'Mallorca'}","{'en_US': 'Mallorca'}","{'en_US': 'Felanitx'}","{'en_US': 'Cala Ferrera'}","","7669","3.238690000000001","39.38038000000001"
"{'en_US': 'Balearic Islands'}","{'en_US': 'Mallorca'}","{'en_US': 'Mallorca'}","{'en_US': 'Felanitx'}","{'en_US': ""Vall d'Or""}","","7669","3.217330000000001","39.431250000000006"
"{'en_US': 'Murcia'}","{'en_US': 'Murcia'}","{'en_US': 'Alto Guadalentín'}","{'en_US': 'Lorca'}","{'en_US': 'Lorca'}","","30800","-1.69881","37.67157000000001"
"{'en_US': 'Valencia Community'}","{'en_US': 'Alicante'}","{'en_US': 'Costa Blanca North'}","{'en_US': 'Benimantell'}","{'en_US': 'Benimantell'}","","03516","-0.21009","38.67604000000001"
"{'en_US': 'Murcia'}","{'en_US': 'Murcia'}","{'en_US': 'Costa Cálida'}","{'en_US': 'Torre Pacheco'}","{'en_US': 'Roldan'}","","30709","0.0","0.0"
"{'en_US': 'Murcia'}","{'en_US': 'Murcia'}","{'en_US': 'Costa Cálida'}","{'en_US': 'Águilas'}","{'en_US': 'Calabardina'}","","30889","-1.550169613","37.43433180000001"
"{'en_US': 'Balearic Islands'}","{'en_US': 'Mallorca'}","{'en_US': 'Mallorca'}","{'en_US': 'Ariany'}","{'en_US': 'Ariany'}","","7529","3.111530000000001","39.650800000000004"
"{'en_US': 'Balearic Islands'}","{'en_US': 'Mallorca'}","{'en_US': 'Mallorca'}","{'en_US': 'Selva'}","{'en_US': 'Moscari'}","","7316","2.934260000000001","39.76513000000001"
"{'en_US': 'Andalucia'}","{'en_US': 'Almería'}","{'en_US': 'Inland Almeria'}","{'en_US': 'Huércal de Almería'}","{'en_US': 'Callejones-San Silvestre'}","","04230","0.0","0.0"
"{'en_US': 'Andalucia'}","{'en_US': 'Almería'}","{'en_US': 'Costa Almeria'}","{'en_US': 'Carboneras'}","{'en_US': 'Carboneras'}","","04140","0.0","0.0"
"{'en_US': 'Valencia Community'}","{'en_US': 'Alicante'}","{'en_US': 'Costa Blanca South'}","{'en_US': 'Ciudad Quesada / Rojales'}","{'en_US': 'Formentera del Segura'}","","03179","-0.746","38.085110000000014"
"{'en_US': 'Balearic Islands'}","{'en_US': 'Mallorca'}","{'en_US': 'Mallorca'}","{'en_US': 'Mancor de la Vall'}","{'en_US': 'Mancor de la Vall'}","","7312","2.87159","39.75021000000001"
"{'en_US': 'Valencia Community'}","{'en_US': 'Valencia'}","{'en_US': 'Costa de Valencia'}","{'en_US': 'Albalat dels Sorells'}","{'en_US': 'Albalat dels Sorells'}","","46135","-0.3461912","39.54369550000001"
"{'en_US': 'Balearic Islands'}","{'en_US': 'Mallorca'}","{'en_US': 'Mallorca'}","{'en_US': 'Binissalem'}","{'en_US': 'Binissalem'}","","7350","2.84205","39.68893000000001"
"{'en_US': 'Murcia'}","{'en_US': 'Murcia'}","{'en_US': 'Costa Cálida'}","{'en_US': 'Águilas'}","{'en_US': 'Águilas'}","","30880","-1.58049","37.409960000000005"
"{'en_US': 'Balearic Islands'}","{'en_US': 'Mallorca'}","{'en_US': 'Mallorca'}","{'en_US': 'Sóller'}","{'en_US': 'Port de Sóller'}","","7100","2.697290000000001","39.79413000000001"
"{'en_US': 'Valencia Community'}","{'en_US': 'Alicante'}","{'en_US': 'Marina Alta'}","{'en_US': 'Castell de Castells'}","{'en_US': 'Castell de Castells'}","","03793","-0.194","38.725080000000005"
"{'en_US': 'Valencia Community'}","{'en_US': 'Alicante'}","{'en_US': 'Alto Vinalopó'}","{'en_US': 'Sax'}","{'en_US': 'Sax'}","","03630","-0.81891","38.53503000000001"
"{'en_US': 'Murcia'}","{'en_US': 'Murcia'}","{'en_US': 'Costa Cálida'}","{'en_US': 'Corvera'}","{'en_US': 'Corvera'}","","30153","-1.15533","37.832860000000004"
"{'en_US': 'Valencia Community'}","{'en_US': 'Alicante'}","{'en_US': 'Costa Blanca South'}","{'en_US': 'Gran Alacant'}","{'en_US': 'Balsares'}","","03195","-0.56059","38.249790000000004"
"{'en_US': 'Valencia Community'}","{'en_US': 'Alicante'}","{'en_US': 'Costa Blanca South'}","{'en_US': 'Guardamar del Segura'}","{'en_US': 'El Raso'}","","03149","-0.6833","38.059900000000006"
"{'en_US': 'Valencia Community'}","{'en_US': 'Alicante'}","{'en_US': 'Costa Blanca South'}","{'en_US': 'La Vila Joiosa'}","{'en_US': 'Vila Joiosa'}","","03570","-0.23112","38.506750000000004"
"{'en_US': 'Balearic Islands'}","{'en_US': 'Mallorca'}","{'en_US': 'Mallorca'}","{'en_US': 'Palma'}","{'en_US': 'Son Vida'}","","7013","2.600070000000001","39.58930000000001"
"{'en_US': 'Balearic Islands'}","{'en_US': 'Mallorca'}","{'en_US': 'Mallorca'}","{'en_US': 'Pollença'}","{'en_US': 'Las Palmeras'}","","7470","2.750270000000001","39.47806000000001"
"{'en_US': 'Balearic Islands'}","{'en_US': 'Mallorca'}","{'en_US': 'Mallorca'}","{'en_US': 'Pollença'}","{'en_US': 'Port de Pollença'}","","7470","3.08229","39.90777000000001"
"{'en_US': 'Balearic Islands'}","{'en_US': 'Mallorca'}","{'en_US': 'Mallorca'}","{'en_US': 'Porreres'}","{'en_US': 'Porreres'}","","7260","3.02379","39.51494000000001"
"{'en_US': 'Andalucia'}","{'en_US': 'Almería'}","{'en_US': 'Inland Almeria'}","{'en_US': 'Sorbas'}","{'en_US': 'Barranco de los Lobos, El'}","","04279","0.0","0.0"
"{'en_US': 'Andalucia'}","{'en_US': 'Málaga'}","{'en_US': 'Axarquía'}","{'en_US': 'Sayalonga'}","{'en_US': 'Sayalonga'}","","29752","-4.012960000000001","36.79827000000001"
"{'en_US': 'Andalucia'}","{'en_US': 'Málaga'}","{'en_US': 'Costa del Sol'}","{'en_US': 'Estepona'}","{'en_US': 'Benavista'}","","29688","-5.030820000000001","36.465320000000006"
"{'en_US': 'Murcia'}","{'en_US': 'Murcia'}","{'en_US': 'Noroeste'}","{'en_US': 'Cehegín y Moratalla'}","{'en_US': 'Cehegín y Moratalla'}","","30430","-1.891410000000001","38.186090000000014"
"{'en_US': 'Murcia'}","{'en_US': 'Murcia'}","{'en_US': 'Oriental'}","{'en_US': 'Fortuna'}","{'en_US': 'Fortuna'}","","30620","-1.12595","38.18005000000001"
"{'en_US': 'Valencia Community'}","{'en_US': 'Alicante'}","{'en_US': 'Costa Blanca North'}","{'en_US': 'Teulada'}","{'en_US': 'Teulada'}","","03725","0.10515","38.728800000000014"
"{'en_US': 'Valencia Community'}","{'en_US': 'Alicante'}","{'en_US': 'Costa Blanca North'}","{'en_US': ""Callosa d'En Sarrià""}","{'en_US': ""Callosa d'En Sarrià""}","","03510","-0.11883","38.650580000000005"
"{'en_US': 'Murcia'}","{'en_US': 'Murcia'}","{'en_US': 'Costa Cálida'}","{'en_US': 'Cartagena'}","{'en_US': 'Isla Plana'}","","30868","-1.250027613","37.57785680000002"
"{'en_US': 'Valencia Community'}","{'en_US': 'Alicante'}","{'en_US': 'La Vega Baja'}","{'en_US': 'Callosa de Segura'}","{'en_US': 'Callosa de Segura'}","","03360","-0.87785","38.125180000000015"
"{'en_US': 'Murcia'}","{'en_US': 'Murcia'}","{'en_US': 'Costa Cálida'}","{'en_US': 'Cartagena'}","{'en_US': 'Los Belones'}","","30385","-0.77717","37.62270000000001"
"{'en_US': 'Balearic Islands'}","{'en_US': 'Mallorca'}","{'en_US': 'Mallorca'}","{'en_US': 'Calvià'}","{'en_US': 'Cala Vinyes'}","","7181","2.528910000000001","39.495120000000014"
"{'en_US': 'Valencia Community'}","{'en_US': 'Valencia'}","{'en_US': 'Costa de Valencia'}","{'en_US': ""La Font d'En Carròs""}","{'en_US': ""La Font d'En Carròs""}","","46717","0.0","0.0"
"{'en_US': 'Valencia Community'}","{'en_US': 'Valencia'}","{'en_US': 'Costa de Valencia'}","{'en_US': 'Rafelbunyol'}","{'en_US': 'Rafelbunyol'}","","46138","0.0","0.0"
"{'en_US': 'Valencia Community'}","{'en_US': 'Alicante'}","{'en_US': 'Costa Blanca South'}","{'en_US': 'Torrevieja'}","{'en_US': 'El Chaparral'}","","03184","-5.510571570000002","37.28914070000002"
"{'en_US': 'Andalucia'}","{'en_US': 'Almería'}","{'en_US': 'Inland Almeria'}","{'en_US': 'Albanchez'}","{'en_US': 'Albanchez'}","","04857","0.0","0.0"
"{'en_US': 'Andalucia'}","{'en_US': 'Málaga'}","{'en_US': 'Serranía de Ronda'}","{'en_US': 'Atajate'}","{'en_US': 'Atajate'}","","29494","-5.245080000000001","36.63995000000001"
"{'en_US': 'Andalucia'}","{'en_US': 'Málaga'}","{'en_US': 'Costa del Sol'}","{'en_US': 'Marbella'}","{'en_US': 'La Mairena'}","","29604","-4.755000000000002","36.529700000000005"
"{'en_US': 'Andalucia'}","{'en_US': 'Málaga'}","{'en_US': 'Costa del Sol'}","{'en_US': 'Marbella'}","{'en_US': 'Marbella'}","","29601","-4.885620000000001","36.50898000000001"
"{'en_US': 'Valencia Community'}","{'en_US': 'Alicante'}","{'en_US': 'Costa Blanca South'}","{'en_US': 'Torrevieja'}","{'en_US': 'El Chaparral - Torrevieja'}","","03184","-0.70412","38.016670000000005"
"{'en_US': 'Balearic Islands'}","{'en_US': 'Mallorca'}","{'en_US': 'Mallorca'}","{'en_US': 'Calvià'}","{'en_US': 'Santa Ponsa'}","","7180","2.473430000000001","39.501780000000004"
"{'en_US': 'Murcia'}","{'en_US': 'Murcia'}","{'en_US': 'Costa Cálida'}","{'en_US': 'Murcia'}","{'en_US': 'Ricote'}","","30610","-1.3632","38.153470000000006"
"{'en_US': 'Valencia Community'}","{'en_US': 'Alicante'}","{'en_US': 'Costa Blanca South'}","{'en_US': 'Pilar de la Horadada'}","{'en_US': 'Pilar de la Horadada'}","","03190","-0.79257","37.86755000000001"
"{'en_US': 'Balearic Islands'}","{'en_US': 'Mallorca'}","{'en_US': 'Mallorca'}","{'en_US': 'Campos'}","{'en_US': 'sa Ràpita'}","","7639","2.94007","39.367110000000004"
"{'en_US': 'Balearic Islands'}","{'en_US': 'Mallorca'}","{'en_US': 'Mallorca'}","{'en_US': 'Capdepera'}","{'en_US': 'Cala Mesquida'}","","7589","3.430850000000001","39.745520000000006"
"{'en_US': 'Valencia Community'}","{'en_US': 'Valencia'}","{'en_US': 'Costa de Valencia'}","{'en_US': 'Benifairó de la Valldigna'}","{'en_US': 'Benifairó de la Valldigna'}","","46791","-0.3013408","39.05357950000001"
"{'en_US': 'Andalucia'}","{'en_US': 'Almería'}","{'en_US': 'Inland Almeria'}","{'en_US': 'Almócita'}","{'en_US': 'Almócita'}","","04458","-2.790447900000002","37.00313700000002"
"{'en_US': 'Balearic Islands'}","{'en_US': 'Ibiza'}","{'en_US': 'Ibiza'}","{'en_US': 'Sant Joan de Labritja'}","{'en_US': 'Portinatx'}","","07810","1.51843","39.110670000000006"
"{'en_US': 'Andalucia'}","{'en_US': 'Huelva'}","{'en_US': 'Costa Occidental de Huelva'}","{'en_US': 'Ayamonte'}","{'en_US': 'Ayamonte'}","","21400","-7.410900000000002","37.21417000000001"
"{'en_US': 'Andalucia'}","{'en_US': 'Almería'}","{'en_US': 'Inland Almeria'}","{'en_US': 'Sorbas'}","{'en_US': 'Huelga, La'}","","04289","0.0","0.0"
"{'en_US': 'Andalucia'}","{'en_US': 'Almería'}","{'en_US': 'Costa Almeria'}","{'en_US': 'Adra'}","{'en_US': 'La Fuente Santilla'}","","04779","0.0","0.0"
"{'en_US': 'Balearic Islands'}","{'en_US': 'Mallorca'}","{'en_US': 'Mallorca'}","{'en_US': 'Inca'}","{'en_US': 'Can Picafort'}","","7458","3.151850000000001","39.766340000000014"
"{'en_US': 'Balearic Islands'}","{'en_US': 'Mallorca'}","{'en_US': 'Mallorca'}","{'en_US': 'Inca'}","{'en_US': 'Santa Magdalena'}","","7300","2.90718","39.720940000000006"
"{'en_US': 'Balearic Islands'}","{'en_US': 'Mallorca'}","{'en_US': 'Mallorca'}","{'en_US': 'Manacor'}","{'en_US': 'Cala de Mallorca'}","","7689","3.275510000000001","39.46571000000001"
"{'en_US': 'Balearic Islands'}","{'en_US': 'Mallorca'}","{'en_US': 'Mallorca'}","{'en_US': 'Palma'}","{'en_US': 'El Terreno'}","","7014","2.624690000000001","39.560700000000004"
"{'en_US': 'Murcia'}","{'en_US': 'Murcia'}","{'en_US': 'Costa Cálida'}","{'en_US': 'Cartagena'}","{'en_US': 'El Carmoli'}","","30368","-0.84389","37.693200000000004"
"{'en_US': 'Valencia Community'}","{'en_US': 'Valencia'}","{'en_US': 'Costa de Valencia'}","{'en_US': 'Algar de Palancia'}","{'en_US': 'Algar de Palancia'}","","46593","-0.367464","39.78109530000001"
"{'en_US': 'Valencia Community'}","{'en_US': 'Castellón'}","{'en_US': 'Costa del Azahar'}","{'en_US': 'Benicàssim'}","{'en_US': 'Benicàssim'}","","12560","0.036663214","40.03799150000001"
"{'en_US': 'Andalucia'}","{'en_US': 'Málaga'}","{'en_US': 'Costa del Sol'}","{'en_US': 'Manilva'}","{'en_US': 'Punta Chullera'}","","29692","-5.247660000000001","36.31008000000001"
"{'en_US': 'Andalucia'}","{'en_US': 'Almería'}","{'en_US': 'Inland Almeria'}","{'en_US': 'Beires'}","{'en_US': 'Beires'}","","04458","-2.790918500000002","37.012090100000016"
"{'en_US': 'Balearic Islands'}","{'en_US': 'Mallorca'}","{'en_US': 'Mallorca'}","{'en_US': 'Bunyola'}","{'en_US': 'Orient'}","","7349","2.76036","39.734700000000004"
"{'en_US': 'Murcia'}","{'en_US': 'Murcia'}","{'en_US': 'Costa Cálida'}","{'en_US': 'Murcia'}","{'en_US': 'Santa Rosalía'}","","30710","-0.91645","37.75088000000001"
"{'en_US': 'Valencia Community'}","{'en_US': 'Alicante'}","{'en_US': 'Comtat'}","{'en_US': 'Beniarrés'}","{'en_US': 'Beniarrés'}","","03850","-0.37892","38.820370000000004"
"{'en_US': 'Murcia'}","{'en_US': 'Murcia'}","{'en_US': 'Costa Cálida'}","{'en_US': 'Murcia'}","{'en_US': 'Sangonera la Verde'}","","30153","-1.250017913","37.905284100000024"
"{'en_US': 'Murcia'}","{'en_US': 'Murcia'}","{'en_US': 'Costa Cálida'}","{'en_US': 'Murcia'}","{'en_US': 'Sierra Golf'}","","30592","-0.98298","37.85678000000001"
"{'en_US': 'Murcia'}","{'en_US': 'Murcia'}","{'en_US': 'Costa Cálida'}","{'en_US': 'Cartagena'}","{'en_US': 'Playa Honda'}","","30385","-0.73346","37.62883000000001"
"{'en_US': 'Balearic Islands'}","{'en_US': 'Mallorca'}","{'en_US': 'Mallorca'}","{'en_US': 'Artà'}","{'en_US': 'Artà'}","","7579","3.350630000000001","39.69501000000001"
"{'en_US': 'Balearic Islands'}","{'en_US': 'Mallorca'}","{'en_US': 'Mallorca'}","{'en_US': 'Manacor'}","{'en_US': 'Cala Morlanda'}","","7680","3.36751","39.558060000000005"
"{'en_US': 'Balearic Islands'}","{'en_US': 'Mallorca'}","{'en_US': 'Mallorca'}","{'en_US': 'Pollença'}","{'en_US': 'Pollença'}","","7460","3.01565","39.87794000000001"
"{'en_US': 'Balearic Islands'}","{'en_US': 'Mallorca'}","{'en_US': 'Mallorca'}","{'en_US': 'Calvià'}","{'en_US': 'Cas Català'}","","7181","2.591460000000001","39.547090000000004"
"{'en_US': 'Balearic Islands'}","{'en_US': 'Mallorca'}","{'en_US': 'Mallorca'}","{'en_US': 'Selva'}","{'en_US': 'Biniamar'}","","7369","2.87167","39.73100000000001"
"{'en_US': 'Valencia Community'}","{'en_US': 'Alicante'}","{'en_US': 'Costa Blanca South'}","{'en_US': 'Orihuela Costa'}","{'en_US': 'Hurchillo'}","","03313","0.0","0.0"
"{'en_US': 'Valencia Community'}","{'en_US': 'Alicante'}","{'en_US': 'Costa Blanca South'}","{'en_US': 'Orihuela Costa'}","{'en_US': 'La Aparecida'}","","03311","-1.00929","38.080760000000005"
"{'en_US': 'Andalucia'}","{'en_US': 'Almería'}","{'en_US': 'Costa Almeria'}","{'en_US': 'Almería'}","{'en_US': 'Pujaire'}","","04151","0.0","0.0"
"{'en_US': 'Balearic Islands'}","{'en_US': 'Ibiza'}","{'en_US': 'Ibiza'}","{'en_US': 'Sant Antoni de Portmany'}","{'en_US': 'Santa Agnès de Corona'}","","07828","1.33643","39.03849000000001"
"{'en_US': 'Andalucia'}","{'en_US': 'Almería'}","{'en_US': 'Inland Almeria'}","{'en_US': 'Arboleas'}","{'en_US': 'Arboleas'}","","04660","-2.0742569","37.35113870000002"
"{'en_US': 'Andalucia'}","{'en_US': 'Almería'}","{'en_US': 'Inland Almeria'}","{'en_US': 'Cuevas del Almanzora'}","{'en_US': 'Palomares'}","","04617","-1.815252915000001","37.23931790000002"
"{'en_US': 'Valencia Community'}","{'en_US': 'Alicante'}","{'en_US': 'Costa Blanca South'}","{'en_US': 'Ciudad Quesada / Rojales'}","{'en_US': 'Lo Pepin'}","","03170","-0.69738","38.06132000000001"
"{'en_US': 'Valencia Community'}","{'en_US': 'Alicante'}","{'en_US': 'Costa Blanca South'}","{'en_US': 'Orihuela Costa'}","{'en_US': 'Dehesa de Campoamor'}","","03189","-0.75756","37.90053000000001"
"{'en_US': 'Valencia Community'}","{'en_US': 'Alicante'}","{'en_US': 'Costa Blanca South'}","{'en_US': 'Orihuela Costa'}","{'en_US': 'La Zenia'}","","03189","-0.72524","37.92450000000001"
"{'en_US': 'Valencia Community'}","{'en_US': 'Alicante'}","{'en_US': 'Costa Blanca South'}","{'en_US': 'Torrevieja'}","{'en_US': 'Los Frutales'}","","03183","-0.66879","37.99129000000001"
"{'en_US': 'Valencia Community'}","{'en_US': 'Alicante'}","{'en_US': 'Costa Blanca North'}","{'en_US': 'Altea'}","{'en_US': 'Altea Hills'}","","03599","0.0","0.0"
"{'en_US': 'Valencia Community'}","{'en_US': 'Alicante'}","{'en_US': 'Costa Blanca North'}","{'en_US': 'Altea'}","{'en_US': 'Altea la Vella'}","","03599","0.0","0.0"
"{'en_US': 'Valencia Community'}","{'en_US': 'Alicante'}","{'en_US': 'Costa Blanca North'}","{'en_US': 'Els Poblets'}","{'en_US': 'Els Poblets'}","","03779","0.01736","38.84897000000001"
"{'en_US': 'Andalucia'}","{'en_US': 'Málaga'}","{'en_US': 'Axarquía'}","{'en_US': 'Periana'}","{'en_US': 'Periana'}","","29710","-4.190880000000002","36.92860000000001"
"{'en_US': 'Andalucia'}","{'en_US': 'Málaga'}","{'en_US': 'Guadalteba'}","{'en_US': 'Carratraca'}","{'en_US': 'Carratraca'}","","29551","-4.82091","36.85394000000001"
"{'en_US': 'Andalucia'}","{'en_US': 'Almería'}","{'en_US': 'Costa Almeria'}","{'en_US': 'Almería'}","{'en_US': 'Castell del Rey'}","","04002","0.0","0.0"
"{'en_US': 'Andalucia'}","{'en_US': 'Granada'}","{'en_US': 'Valle de Lecrín'}","{'en_US': 'Lecrín'}","{'en_US': 'Murchas'}","","18656","-3.567530000000001","36.946650000000005"
"{'en_US': 'Andalucia'}","{'en_US': 'Almería'}","{'en_US': 'Inland Almeria'}","{'en_US': 'Serón'}","{'en_US': 'Serón'}","","04890","0.0","0.0"
"{'en_US': 'Andalucia'}","{'en_US': 'Málaga'}","{'en_US': 'Axarquía'}","{'en_US': 'Alfarnatejo'}","{'en_US': 'Alfarnatejo'}","","29195","-4.272630000000001","36.979090000000014"
"{'en_US': 'Andalucia'}","{'en_US': 'Málaga'}","{'en_US': 'Costa del Sol'}","{'en_US': 'Marbella'}","{'en_US': 'Nagüeles'}","","29602","-4.922420000000001","36.52317000000001"
"{'en_US': 'Andalucia'}","{'en_US': 'Almería'}","{'en_US': 'Inland Almeria'}","{'en_US': 'Arboleas'}","{'en_US': 'Los Coloraos'}","","04660","0.0","0.0"
"{'en_US': 'Andalucia'}","{'en_US': 'Cadiz'}","{'en_US': 'Costa de la Luz'}","{'en_US': 'Sotogrande'}","{'en_US': 'Sotogrande'}","","11310","-5.297060000000001","36.28206000000001"
"{'en_US': 'Valencia Community'}","{'en_US': 'Alicante'}","{'en_US': 'Marina Alta'}","{'en_US': 'Jalón'}","{'en_US': 'Jalón'}","","03727","0.0","0.0"
"{'en_US': 'Andalucia'}","{'en_US': 'Almería'}","{'en_US': 'Inland Almeria'}","{'en_US': 'Los Gallardos'}","{'en_US': 'Los Gallardos'}","","04280","0.0","0.0"
"{'en_US': 'Andalucia'}","{'en_US': 'Almería'}","{'en_US': 'Inland Almeria'}","{'en_US': 'Gérgal'}","{'en_US': 'Fuente Santa'}","","04550","0.0","0.0"
"{'en_US': 'Balearic Islands'}","{'en_US': 'Mallorca'}","{'en_US': 'Mallorca'}","{'en_US': 'Sant Llorenç des Cardassar'}","{'en_US': 'Son Carrió'}","","7540","3.32021","39.588710000000006"
"{'en_US': 'Balearic Islands'}","{'en_US': 'Mallorca'}","{'en_US': 'Mallorca'}","{'en_US': 'Sa Pobla'}","{'en_US': 'Crestatx'}","","7420","3.02254","39.80796000000001"
"{'en_US': 'Balearic Islands'}","{'en_US': 'Mallorca'}","{'en_US': 'Mallorca'}","{'en_US': 'Selva'}","{'en_US': 'Binibona'}","","7313","2.919490000000001","39.784220000000005"
"{'en_US': 'Valencia Community'}","{'en_US': 'Alicante'}","{'en_US': 'Marina Alta'}","{'en_US': ""La Vall d'Alcalà""}","{'en_US': ""La Vall d'Alcalà""}","","03788","-0.2481","38.78687000000001"
"{'en_US': 'Valencia Community'}","{'en_US': 'Valencia'}","{'en_US': 'Costa de Valencia'}","{'en_US': 'Benifairó de les Valls'}","{'en_US': 'Benifairó de les Valls'}","","46511","-0.2686309","39.72771830000002"
"{'en_US': 'Valencia Community'}","{'en_US': 'Valencia'}","{'en_US': 'Costa de Valencia'}","{'en_US': 'Alfauir'}","{'en_US': 'Alfauir'}","","46725","-0.2516595","38.92836590000002"
"{'en_US': 'Valencia Community'}","{'en_US': 'Alicante'}","{'en_US': 'Costa Blanca North'}","{'en_US': 'El Campello'}","{'en_US': 'El Campello'}","","03726","-0.39837","38.427420000000005"
"{'en_US': 'Murcia'}","{'en_US': 'Murcia'}","{'en_US': 'Costa Cálida'}","{'en_US': 'Torre Pacheco'}","{'en_US': 'Torre Pacheco'}","","30700","-0.9539","37.74313000000001"
"{'en_US': 'Valencia Community'}","{'en_US': 'Alicante'}","{'en_US': 'Marina Alta'}","{'en_US': 'La Vall de Laguar'}","{'en_US': 'La Vall de Laguar'}","","03791","-0.10663","38.77651000000001"
"{'en_US': 'Valencia Community'}","{'en_US': 'Valencia'}","{'en_US': 'Costa de Valencia'}","{'en_US': 'Gilet'}","{'en_US': 'Gilet'}","","46149","0.0","0.0"
"{'en_US': 'Valencia Community'}","{'en_US': 'Valencia'}","{'en_US': 'Costa de Valencia'}","{'en_US': 'Rafelcofer'}","{'en_US': 'Rafelcofer'}","","46716","0.0","0.0"
"{'en_US': 'Balearic Islands'}","{'en_US': 'Mallorca'}","{'en_US': 'Mallorca'}","{'en_US': 'Felanitx'}","{'en_US': 'Cala Mendia'}","","7680","3.313330000000001","39.522830000000006"
"{'en_US': 'Valencia Community'}","{'en_US': 'Alicante'}","{'en_US': 'Comtat'}","{'en_US': 'Planes'}","{'en_US': 'Planes'}","","03828","-0.34359","38.784890000000004"
"{'en_US': 'Valencia Community'}","{'en_US': 'Alicante'}","{'en_US': 'Medio Vinalopó'}","{'en_US': 'Hondón de las Nieves'}","{'en_US': 'Hondón de las Nieves'}","","03688","-0.8943","38.30530000000001"
"{'en_US': 'Andalucia'}","{'en_US': 'Málaga'}","{'en_US': 'Serranía de Ronda'}","{'en_US': 'Genalguacil'}","{'en_US': 'Genalguacil'}","","29492","-5.235940000000001","36.545640000000006"
"{'en_US': 'Andalucia'}","{'en_US': 'Almería'}","{'en_US': 'Inland Almeria'}","{'en_US': 'Huércal de Almería'}","{'en_US': 'El Carmen'}","","04230","0.0","0.0"
"{'en_US': 'Andalucia'}","{'en_US': 'Málaga'}","{'en_US': 'Costa del Sol'}","{'en_US': 'Marbella'}","{'en_US': 'Istán'}","","29611","-4.949540000000001","36.581970000000005"
"{'en_US': 'Andalucia'}","{'en_US': 'Málaga'}","{'en_US': 'Costa del Sol'}","{'en_US': 'Marbella'}","{'en_US': 'La Campana'}","","29660","-4.973860000000001","36.49904000000001"
"{'en_US': 'Andalucia'}","{'en_US': 'Málaga'}","{'en_US': 'Costa del Sol'}","{'en_US': 'Málaga'}","{'en_US': 'Puerto de la Torre'}","","29591","-4.469010000000002","36.74598000000001"
"{'en_US': 'Valencia Community'}","{'en_US': 'Alicante'}","{'en_US': 'Costa Blanca South'}","{'en_US': 'Almoradí'}","{'en_US': 'Dolores'}","","03150","-0.76932","38.13924000000001"
"{'en_US': 'Valencia Community'}","{'en_US': 'Valencia'}","{'en_US': 'Costa de Valencia'}","{'en_US': 'Almiserà'}","{'en_US': 'Almiserà'}","","46726","-0.2848533","38.91618480000002"
"{'en_US': 'Balearic Islands'}","{'en_US': 'Mallorca'}","{'en_US': 'Mallorca'}","{'en_US': 'Manacor'}","{'en_US': 'Manacor'}","","7500","3.208480000000001","39.569520000000004"
"{'en_US': 'Valencia Community'}","{'en_US': 'Alicante'}","{'en_US': 'Costa Blanca South'}","{'en_US': 'Torrevieja'}","{'en_US': 'Las Torretas'}","","03184","-0.71676","37.99407000000001"
"{'en_US': 'Valencia Community'}","{'en_US': 'Alicante'}","{'en_US': 'Costa Blanca South'}","{'en_US': 'Relleu'}","{'en_US': 'Relleu'}","","03578","-0.31114","38.58744000000001"
"{'en_US': 'Valencia Community'}","{'en_US': 'Valencia'}","{'en_US': 'Costa de Valencia'}","{'en_US': 'Godella'}","{'en_US': 'Godella'}","","46110","0.0","0.0"
"{'en_US': 'Valencia Community'}","{'en_US': 'Valencia'}","{'en_US': 'Costa de Valencia'}","{'en_US': 'Daimús'}","{'en_US': 'Daimús'}","","46710","0.0","0.0"
"{'en_US': 'Balearic Islands'}","{'en_US': 'Menorca'}","{'en_US': 'Menorca'}","{'en_US': 'Mahon'}","{'en_US': 'Mahon'}","","07703","4.259700000000001","39.88734000000001"
"{'en_US': 'Andalucia'}","{'en_US': 'Málaga'}","{'en_US': 'Costa del Sol'}","{'en_US': 'Marbella'}","{'en_US': 'Guadalmina Baja'}","","29670","-5.003720000000001","36.47196000000001"
"{'en_US': 'Andalucia'}","{'en_US': 'Almería'}","{'en_US': 'Inland Almeria'}","{'en_US': 'Bédar'}","{'en_US': 'Bédar'}","","04288","-1.9806488","37.19095760000001"
"{'en_US': 'Andalucia'}","{'en_US': 'Almería'}","{'en_US': 'Inland Almeria'}","{'en_US': 'Berja'}","{'en_US': 'Río Chico'}","","04769","0.0","0.0"
"{'en_US': 'Andalucia'}","{'en_US': 'Almería'}","{'en_US': 'Inland Almeria'}","{'en_US': 'Mojácar'}","{'en_US': 'Las Cuartillas'}","","04638","0.0","0.0"
"{'en_US': 'Balearic Islands'}","{'en_US': 'Mallorca'}","{'en_US': 'Mallorca'}","{'en_US': 'Búger'}","{'en_US': 'Búger'}","","7311","2.98404","39.758700000000005"
"{'en_US': 'Valencia Community'}","{'en_US': 'Alicante'}","{'en_US': 'Medio Vinalopó'}","{'en_US': 'Aspe'}","{'en_US': 'Aspe'}","","03680","-0.76921","38.34599000000001"
"{'en_US': 'Valencia Community'}","{'en_US': 'Alicante'}","{'en_US': 'Medio Vinalopó'}","{'en_US': 'Elda'}","{'en_US': 'Elda'}","","03600","-0.79568","38.478970000000004"
"{'en_US': 'Valencia Community'}","{'en_US': 'Alicante'}","{'en_US': 'Comtat'}","{'en_US': 'Alcosser de Planes'}","{'en_US': 'Alcosser de Planes'}","","03841","-0.40213","38.79500000000001"
"{'en_US': 'Murcia'}","{'en_US': 'Murcia'}","{'en_US': 'Altiplano'}","{'en_US': 'Yecla'}","{'en_US': 'Raspay'}","","03657","-1.089518","38.44066900000002"
"{'en_US': 'Balearic Islands'}","{'en_US': 'Mallorca'}","{'en_US': 'Mallorca'}","{'en_US': 'Marratxí'}","{'en_US': 'Playa Romantica'}","","7680","3.308850000000001","39.51740000000001"
"{'en_US': 'Balearic Islands'}","{'en_US': 'Mallorca'}","{'en_US': 'Mallorca'}","{'en_US': 'Palma'}","{'en_US': 'Bonanova'}","","7015","2.614030000000001","39.558330000000005"
"{'en_US': 'Andalucia'}","{'en_US': 'Cadiz'}","{'en_US': 'Costa de la Luz'}","{'en_US': 'Sotogrande'}","{'en_US': 'Sotogrande Alto'}","","11310","-3.533300000000001","37.95000000000001"
"{'en_US': 'Andalucia'}","{'en_US': 'Almería'}","{'en_US': 'Inland Almeria'}","{'en_US': 'Níjar'}","{'en_US': 'El Viso'}","","04113","0.0","0.0"
"{'en_US': 'Andalucia'}","{'en_US': 'Almería'}","{'en_US': 'Inland Almeria'}","{'en_US': 'Níjar'}","{'en_US': 'Hornillo'}","","04100","0.0","0.0"
"{'en_US': 'Andalucia'}","{'en_US': 'Almería'}","{'en_US': 'Inland Almeria'}","{'en_US': 'Níjar'}","{'en_US': 'Huebro'}","","04119","0.0","0.0"
"{'en_US': 'Balearic Islands'}","{'en_US': 'Mallorca'}","{'en_US': 'Mallorca'}","{'en_US': 'Palma'}","{'en_US': 'Can Pastilla'}","","7610","2.722500000000001","39.535630000000005"
"{'en_US': 'Balearic Islands'}","{'en_US': 'Mallorca'}","{'en_US': 'Mallorca'}","{'en_US': 'Palma'}","{'en_US': 'Son Ferriol'}","","7198","2.709940000000001","39.57379000000001"
"{'en_US': 'Valencia Community'}","{'en_US': 'Valencia'}","{'en_US': 'Costa de Valencia'}","{'en_US': 'Benicull de Xúquer'}","{'en_US': 'Benicull de Xúquer'}","","46689","-0.3821957","39.18539850000001"
"{'en_US': 'Balearic Islands'}","{'en_US': 'Mallorca'}","{'en_US': 'Mallorca'}","{'en_US': 'Calvià'}","{'en_US': 'Palmanova'}","","7181","2.537310000000001","39.52443000000001"
"{'en_US': 'Balearic Islands'}","{'en_US': 'Mallorca'}","{'en_US': 'Mallorca'}","{'en_US': 'Muro'}","{'en_US': 'Playa de Muro'}","","7458","3.11841","39.811420000000005"
"{'en_US': 'Balearic Islands'}","{'en_US': 'Mallorca'}","{'en_US': 'Mallorca'}","{'en_US': 'Palma'}","{'en_US': ""s'Aranjassa""}","","7004","2.77255","39.54158000000001"
"{'en_US': 'Balearic Islands'}","{'en_US': 'Mallorca'}","{'en_US': 'Mallorca'}","{'en_US': 'Son Servera'}","{'en_US': 'Port Nou'}","","7559","3.396650000000001","39.628110000000014"
"{'en_US': 'Balearic Islands'}","{'en_US': 'Mallorca'}","{'en_US': 'Mallorca'}","{'en_US': 'Son Servera'}","{'en_US': 'Pula Golf'}","","7550","3.37683","39.64612000000001"
"{'en_US': 'Murcia'}","{'en_US': 'Murcia'}","{'en_US': 'Bajo Guadalentín'}","{'en_US': 'Aledo'}","{'en_US': 'Aledo'}","","30859","-1.5731","37.79543000000001"
"{'en_US': 'Balearic Islands'}","{'en_US': 'Mallorca'}","{'en_US': 'Mallorca'}","{'en_US': 'Pollença'}","{'en_US': 'Cap de Formentor'}","","7460","3.19542","39.950460000000014"
"{'en_US': 'Andalucia'}","{'en_US': 'Granada'}","{'en_US': 'Granada Inland'}","{'en_US': 'Cullar'}","{'en_US': 'Cullar'}","","18891","-2.576282000000001","37.58368100000001"
"{'en_US': 'Andalucia'}","{'en_US': 'Almería'}","{'en_US': 'Inland Almeria'}","{'en_US': 'Santa Cruz de Marchena'}","{'en_US': 'Santa Cruz de Marchena'}","","04568","0.0","0.0"
"{'en_US': 'Andalucia'}","{'en_US': 'Almería'}","{'en_US': 'Costa Almeria'}","{'en_US': 'Almería'}","{'en_US': 'La Cañada de San Urbano'}","","04120","0.0","0.0"
"{'en_US': 'Andalucia'}","{'en_US': 'Granada'}","{'en_US': 'Comarca de Baza'}","{'en_US': 'Cúllar'}","{'en_US': 'El Margen'}","","18891","-3.22473589","37.642794000000016"
"{'en_US': 'Valencia Community'}","{'en_US': 'Valencia'}","{'en_US': 'Costa de Valencia'}","{'en_US': 'Benavites'}","{'en_US': 'Benavites'}","","46015","-0.3990002","39.48417810000002"
"{'en_US': 'Valencia Community'}","{'en_US': 'Alicante'}","{'en_US': 'Medio Vinalopó'}","{'en_US': 'Pinoso/El Pinós'}","{'en_US': 'Pinoso/El Pinós'}","","03650","-1.0414","38.391870000000004"
"{'en_US': 'Valencia Community'}","{'en_US': 'Alicante'}","{'en_US': 'Comtat'}","{'en_US': ""L'Alqueria d'Asnar""}","{'en_US': ""L'Alqueria d'Asnar""}","","03829","-0.42654","38.77199000000001"
"{'en_US': 'Valencia Community'}","{'en_US': 'Alicante'}","{'en_US': 'Costa Blanca North'}","{'en_US': ""L'Alfàs del Pi""}","{'en_US': ""L'Alfàs del Pi""}","","03580","-0.10067","38.57860000000001"
"{'en_US': 'Balearic Islands'}","{'en_US': 'Mallorca'}","{'en_US': 'Mallorca'}","{'en_US': 'Inca'}","{'en_US': 'Biniagual'}","","7350","2.87606","39.66736000000001"
"{'en_US': 'Balearic Islands'}","{'en_US': 'Mallorca'}","{'en_US': 'Mallorca'}","{'en_US': 'Santa Margalida'}","{'en_US': 'Son Serra de Marina'}","","7459","3.22069","39.73769000000001"
"{'en_US': 'Balearic Islands'}","{'en_US': 'Ibiza'}","{'en_US': 'Ibiza'}","{'en_US': 'Sant Joan de Labritja'}","{'en_US': 'Sant Llorenç de Balafia'}","","07812","1.47694","39.03127000000001"
"{'en_US': 'Andalucia'}","{'en_US': 'Almería'}","{'en_US': 'Inland Almeria'}","{'en_US': 'Viator'}","{'en_US': 'Viator'}","","04240","0.0","0.0"
"{'en_US': 'Valencia Community'}","{'en_US': 'Alicante'}","{'en_US': 'Marina Alta'}","{'en_US': 'Alcalalí'}","{'en_US': 'La Llosa de Camacho'}","","03723","0.0","0.0"
"{'en_US': 'Murcia'}","{'en_US': 'Murcia'}","{'en_US': 'Costa Cálida'}","{'en_US': 'Cartagena'}","{'en_US': 'La Azohia'}","","30868","-1.180451615","37.552277000000004"
"{'en_US': 'Murcia'}","{'en_US': 'Murcia'}","{'en_US': 'Costa Cálida'}","{'en_US': 'Cartagena'}","{'en_US': 'Cala Medina'}","","30370","-0.70413","37.62715000000001"
"{'en_US': 'Murcia'}","{'en_US': 'Murcia'}","{'en_US': 'Costa Cálida'}","{'en_US': 'Cartagena'}","{'en_US': 'Cartagena'}","","30200","-1.00062","37.626790000000014"
"{'en_US': 'Balearic Islands'}","{'en_US': 'Mallorca'}","{'en_US': 'Mallorca'}","{'en_US': 'Palma'}","{'en_US': 'Puntiró'}","","7199","2.797810000000001","39.605790000000006"
"{'en_US': 'Valencia Community'}","{'en_US': 'Alicante'}","{'en_US': 'Marina Alta'}","{'en_US': 'Benidoleig'}","{'en_US': 'Benidoleig'}","","03759","-0.03191","38.79175000000001"
"{'en_US': 'Balearic Islands'}","{'en_US': 'Mallorca'}","{'en_US': 'Mallorca'}","{'en_US': 'Manacor'}","{'en_US': 'Cala Antena'}","","7689","3.279250000000001","39.46748000000001"
"{'en_US': 'Valencia Community'}","{'en_US': 'Alicante'}","{'en_US': 'Costa Blanca North'}","{'en_US': 'La Safor'}","{'en_US': 'Gandia'}","","46701","-0.18034","38.96759000000001"
"{'en_US': 'Balearic Islands'}","{'en_US': 'Menorca'}","{'en_US': 'Menorca'}","{'en_US': 'Ferreries'}","{'en_US': 'Ferreries'}","","07750","4.012420000000001","39.98261000000001"
"{'en_US': 'Murcia'}","{'en_US': 'Murcia'}","{'en_US': 'Bajo Guadalentín'}","{'en_US': 'Alhama de Murcia'}","{'en_US': 'Alhama de Murcia'}","","30840","-1.4251","37.851510000000005"
"{'en_US': 'Valencia Community'}","{'en_US': 'Valencia'}","{'en_US': 'Costa de Valencia'}","{'en_US': ""L'Alqueria de la Comtessa""}","{'en_US': ""L'Alqueria de la Comtessa""}","","46715","0.0","0.0"
"{'en_US': 'Balearic Islands'}","{'en_US': 'Mallorca'}","{'en_US': 'Mallorca'}","{'en_US': 'Sant Llorenç des Cardassar'}","{'en_US': 'Sa Coma'}","","7560","3.37084","39.57782000000001"
"{'en_US': 'Balearic Islands'}","{'en_US': 'Mallorca'}","{'en_US': 'Mallorca'}","{'en_US': 'Sant Llorenç des Cardassar'}","{'en_US': ""S'Illot""}","","7560","3.37316","39.56937000000001"
"{'en_US': 'Andalucia'}","{'en_US': 'Almería'}","{'en_US': 'Inland Almeria'}","{'en_US': 'Sorbas'}","{'en_US': 'Campico, El'}","","04271","0.0","0.0"
"{'en_US': 'Valencia Community'}","{'en_US': 'Alicante'}","{'en_US': 'Hoja de Alcoy'}","{'en_US': 'Banyeres de Mariola'}","{'en_US': 'Banyeres de Mariola'}","","03450","-0.65689","38.716010000000004"
"{'en_US': 'Valencia Community'}","{'en_US': 'Valencia'}","{'en_US': 'Costa de Valencia'}","{'en_US': 'Alfara del Patriarca'}","{'en_US': 'Alfara del Patriarca'}","","46115","-0.3856585","39.54412900000001"
"{'en_US': 'Catalonia'}","{'en_US': 'Catalunya'}","{'en_US': 'Costa Brava'}","{'en_US': 'Palafolls'}","{'en_US': 'Palafolls'}","","08389","2.750000000000001","41.66667000000002"
"{'en_US': 'Balearic Islands'}","{'en_US': 'Mallorca'}","{'en_US': 'Mallorca'}","{'en_US': 'Calvià'}","{'en_US': 'Magaluf'}","","7181","2.531950000000001","39.506040000000006"
"{'en_US': 'Balearic Islands'}","{'en_US': 'Mallorca'}","{'en_US': 'Mallorca'}","{'en_US': 'Palma'}","{'en_US': 'Palma de Mallorca'}","","7004","2.64856","39.57701000000001"
"{'en_US': 'Valencia Community'}","{'en_US': 'Alicante'}","{'en_US': 'Marina Alta'}","{'en_US': 'Llíber'}","{'en_US': 'Llíber'}","","03729","0.00611","38.74298000000001"
"{'en_US': 'Valencia Community'}","{'en_US': 'Alicante'}","{'en_US': 'Comtat'}","{'en_US': 'Fageca'}","{'en_US': 'Fageca'}","","03813","-0.26814","38.73481000000001"
"{'en_US': 'Valencia Community'}","{'en_US': 'Alicante'}","{'en_US': 'Costa Blanca South'}","{'en_US': 'Orihuela Costa'}","{'en_US': 'Orihuela'}","","03300","-0.94661","38.09069000000001"
"{'en_US': 'Valencia Community'}","{'en_US': 'Alicante'}","{'en_US': 'Costa Blanca South'}","{'en_US': 'Orihuela Costa'}","{'en_US': 'Orihuela Costa'}","","03189","-0.74534","37.92372000000001"
"{'en_US': 'Valencia Community'}","{'en_US': 'Alicante'}","{'en_US': 'La Vega Baja'}","{'en_US': 'Callosa del Segura'}","{'en_US': 'Callosa del Segura'}","","03360","-0.65717","38.07856000000001"
"{'en_US': 'Valencia Community'}","{'en_US': 'Alicante'}","{'en_US': 'Costa Blanca North'}","{'en_US': 'Sella'}","{'en_US': 'Sella'}","","03579","-0.27226","38.60835000000001"
"{'en_US': 'Valencia Community'}","{'en_US': 'Alicante'}","{'en_US': 'Costa Blanca South'}","{'en_US': 'Orihuela Costa'}","{'en_US': 'Pinar de Campo Verde'}","","03191","-0.8508","37.903900000000014"
"{'en_US': 'Valencia Community'}","{'en_US': 'Alicante'}","{'en_US': 'Costa Blanca South'}","{'en_US': 'Orihuela Costa'}","{'en_US': 'Playa Flamenca'}","","03189","-0.73185","37.93451000000001"
"{'en_US': 'Valencia Community'}","{'en_US': 'Alicante'}","{'en_US': 'Costa Blanca South'}","{'en_US': 'Orihuela Costa'}","{'en_US': 'Urb Entre Naranjas'}","","03319","0.0","0.0"
"{'en_US': 'Valencia Community'}","{'en_US': 'Alicante'}","{'en_US': 'Marina Alta'}","{'en_US': 'Gata de Gorgos'}","{'en_US': 'Gata de Gorgos'}","","03740","0.0841","38.773360000000004"
"{'en_US': 'Valencia Community'}","{'en_US': 'Alicante'}","{'en_US': 'Marina Alta'}","{'en_US': 'Pego'}","{'en_US': 'Pego'}","","03780","-0.11788","38.84219000000001"
"{'en_US': 'Andalucia'}","{'en_US': 'Cadiz'}","{'en_US': 'Costa de la Luz'}","{'en_US': 'San Roque'}","{'en_US': 'San Roque'}","","11360","-5.384450000000001","36.209630000000004"
"{'en_US': 'Andalucia'}","{'en_US': 'Málaga'}","{'en_US': 'Costa del Sol'}","{'en_US': 'Benalmádena'}","{'en_US': 'Arroyo de la Miel'}","","29631","-4.535030000000002","36.59908000000001"
"{'en_US': 'Andalucia'}","{'en_US': 'Málaga'}","{'en_US': 'Costa del Sol'}","{'en_US': 'Marbella'}","{'en_US': 'Bahía de Marbella'}","","29603","-4.826830000000001","36.50316000000001"
"{'en_US': 'Andalucia'}","{'en_US': 'Málaga'}","{'en_US': 'Costa del Sol'}","{'en_US': 'Torremolinos'}","{'en_US': 'Torremolinos'}","","29620","-4.499540000000001","36.624280000000006"
"{'en_US': 'Valencia Community'}","{'en_US': 'Alicante'}","{'en_US': 'Marina Alta'}","{'en_US': 'Tormos'}","{'en_US': 'Tormos'}","","03795","-0.07215","38.80117000000001"
"{'en_US': 'Valencia Community'}","{'en_US': 'Alicante'}","{'en_US': 'Marina Alta'}","{'en_US': 'Xaló'}","{'en_US': 'Xaló'}","","03727","-0.0116","38.74083000000001"
"{'en_US': 'Valencia Community'}","{'en_US': 'Alicante'}","{'en_US': 'Marina Alta'}","{'en_US': 'Sagra'}","{'en_US': 'Sagra'}","","03795","-0.06494","38.81132000000001"
"{'en_US': 'Valencia Community'}","{'en_US': 'Alicante'}","{'en_US': 'Costa Blanca North'}","{'en_US': 'Dénia'}","{'en_US': 'Dénia'}","","03700","0.10611","38.840840000000014"
"{'en_US': 'Valencia Community'}","{'en_US': 'Alicante'}","{'en_US': 'Comtat'}","{'en_US': 'Quatretondeta'}","{'en_US': 'Quatretondeta'}","","03811","-0.31664","38.723620000000004"
"{'en_US': 'Balearic Islands'}","{'en_US': 'Mallorca'}","{'en_US': 'Mallorca'}","{'en_US': 'Santa Eugènia'}","{'en_US': 'Santa Eugènia'}","","7142","2.83818","39.623230000000014"
"{'en_US': 'Andalucia'}","{'en_US': 'Málaga'}","{'en_US': 'Costa del Sol East'}","{'en_US': 'Velez-Málaga'}","{'en_US': 'Vélez-Málaga'}","","29749","-4.098810000000001","36.78184000000001"
"{'en_US': 'Andalucia'}","{'en_US': 'Almería'}","{'en_US': 'Inland Almeria'}","{'en_US': 'Vícar'}","{'en_US': 'Congo-Canal'}","","04738","0.0","0.0"
"{'en_US': 'Andalucia'}","{'en_US': 'Almería'}","{'en_US': 'Inland Almeria'}","{'en_US': 'Vícar'}","{'en_US': 'La Gangosa'}","","04738","0.0","0.0"
"{'en_US': 'Andalucia'}","{'en_US': 'Granada'}","{'en_US': 'Valle de Lecrín'}","{'en_US': 'Villamena'}","{'en_US': 'Conchar'}","","18659","-3.589450000000001","36.96573000000001"
"{'en_US': 'Andalucia'}","{'en_US': 'Málaga'}","{'en_US': 'Costa del Sol'}","{'en_US': 'Málaga'}","{'en_US': 'Palma-Palmilla'}","","29591","-4.441020000000002","36.757580000000004"
"{'en_US': 'Andalucia'}","{'en_US': 'Granada'}","{'en_US': 'Sierra Nevada'}","{'en_US': 'Sierra Nevada'}","{'en_US': 'Sierra Nevada'}","","18196","-3.402248516000002","37.09523260000002"
"{'en_US': 'Andalucia'}","{'en_US': 'Granada'}","{'en_US': 'Granada East'}","{'en_US': 'Huescar'}","{'en_US': 'Huescar'}","","18830","-3.10309","37.807660000000006"
"{'en_US': 'Valencia Community'}","{'en_US': 'Valencia'}","{'en_US': 'Costa de Valencia'}","{'en_US': 'Quart de les Valls'}","{'en_US': 'Quart de les Valls'}","","46014","0.0","0.0"
"{'en_US': 'Balearic Islands'}","{'en_US': 'Mallorca'}","{'en_US': 'Mallorca'}","{'en_US': 'Palma'}","{'en_US': 'Cala Major'}","","7015","2.612200000000001","39.552150000000005"
"{'en_US': 'Murcia'}","{'en_US': 'Murcia'}","{'en_US': 'Costa Cálida'}","{'en_US': 'Murcia'}","{'en_US': 'La Tercia'}","","30590","0.0","0.0"
"{'en_US': 'Valencia Community'}","{'en_US': 'Alicante'}","{'en_US': 'Medio Vinalopó'}","{'en_US': 'Algueña'}","{'en_US': 'Algueña'}","","03668","-1.00303","38.33805000000001"
"{'en_US': 'Balearic Islands'}","{'en_US': 'Mallorca'}","{'en_US': 'Mallorca'}","{'en_US': 'Andratx'}","{'en_US': 'Camp de Mar'}","","7160","2.42393","39.54236000000001"
"{'en_US': 'Valencia Community'}","{'en_US': 'Alicante'}","{'en_US': 'La Vega Baja'}","{'en_US': 'Albatera'}","{'en_US': 'Albatera'}","","03340","-0.86956","38.17861000000001"
"{'en_US': 'Balearic Islands'}","{'en_US': 'Mallorca'}","{'en_US': 'Mallorca'}","{'en_US': 'Palma'}","{'en_US': 'Son Anglada'}","","7004","2.619940000000001","39.604260000000004"
"{'en_US': 'Balearic Islands'}","{'en_US': 'Mallorca'}","{'en_US': 'Mallorca'}","{'en_US': 'Palma'}","{'en_US': 'Son Sardina'}","","7120","2.654980000000001","39.620430000000006"
"{'en_US': 'Murcia'}","{'en_US': 'Murcia'}","{'en_US': 'Costa Cálida'}","{'en_US': 'San Javier'}","{'en_US': 'Roda'}","","30739","-2.15812","39.206520000000005"
"{'en_US': 'Valencia Community'}","{'en_US': 'Alicante'}","{'en_US': 'Costa Blanca South'}","{'en_US': 'Ciudad Quesada / Rojales'}","{'en_US': 'Dona Pepa'}","","03170","-0.735365914","38.05299590000001"
"{'en_US': 'Andalucia'}","{'en_US': 'Almería'}","{'en_US': 'Inland Almeria'}","{'en_US': 'Uleila del Campo'}","{'en_US': 'Uleila del Campo'}","","04279","0.0","0.0"
"{'en_US': 'Andalucia'}","{'en_US': 'Almería'}","{'en_US': 'Inland Almeria'}","{'en_US': 'Urrácal'}","{'en_US': 'Urrácal'}","","04879","0.0","0.0"
"{'en_US': 'Andalucia'}","{'en_US': 'Almería'}","{'en_US': 'Costa Almeria'}","{'en_US': 'Adra'}","{'en_US': 'La Alcazaba'}","","04778","0.0","0.0"
"{'en_US': 'Andalucia'}","{'en_US': 'Almería'}","{'en_US': 'Costa Almeria'}","{'en_US': 'Adra'}","{'en_US': 'La Alquería'}","","04779","0.0","0.0"
"{'en_US': 'Andalucia'}","{'en_US': 'Almería'}","{'en_US': 'Costa Almeria'}","{'en_US': 'Adra'}","{'en_US': 'El Canal'}","","04770","0.0","0.0"
"{'en_US': 'Andalucia'}","{'en_US': 'Málaga'}","{'en_US': 'Costa del Sol'}","{'en_US': 'Benalmádena'}","{'en_US': 'La Capellania'}","","29639","-4.573600000000002","36.59490000000001"
"{'en_US': 'Andalucia'}","{'en_US': 'Almería'}","{'en_US': 'Costa Almeria'}","{'en_US': 'Adra'}","{'en_US': 'Los Moras'}","","04770","0.0","0.0"
"{'en_US': 'Valencia Community'}","{'en_US': 'Alicante'}","{'en_US': 'Costa Blanca South'}","{'en_US': 'Orihuela Costa'}","{'en_US': 'La Murada'}","","03315","-0.96358","38.170860000000005"
"{'en_US': 'Valencia Community'}","{'en_US': 'Alicante'}","{'en_US': 'Costa Blanca South'}","{'en_US': 'Orihuela Costa'}","{'en_US': 'Campoamor'}","","03004","-0.75","37.90144000000001"
"{'en_US': 'Valencia Community'}","{'en_US': 'Alicante'}","{'en_US': 'Costa Blanca South'}","{'en_US': 'Bérnia'}","{'en_US': 'Bérnia'}","","03590","-0.05363315","38.659738000000004"
"{'en_US': 'Valencia Community'}","{'en_US': 'Alicante'}","{'en_US': 'Costa Blanca South'}","{'en_US': 'Orihuela Costa'}","{'en_US': 'Las Colinas Golf'}","","03189","-0.81378","37.92908000000001"
"{'en_US': 'Valencia Community'}","{'en_US': 'Alicante'}","{'en_US': 'Costa Blanca South'}","{'en_US': 'Orihuela Costa'}","{'en_US': 'Las Filipinas'}","","Orihuela","-0.7714","37.93462000000001"
"{'en_US': 'Valencia Community'}","{'en_US': 'Alicante'}","{'en_US': 'Costa Blanca South'}","{'en_US': 'Orihuela Costa'}","{'en_US': 'Las Ramblas Golf'}","","03189","-0.76568","37.93874000000001"
"{'en_US': 'Valencia Community'}","{'en_US': 'Alicante'}","{'en_US': 'La Vega Baja'}","{'en_US': 'Jacarilla'}","{'en_US': 'Jacarilla'}","","03310","-0.86808","38.061350000000004"
"{'en_US': 'Valencia Community'}","{'en_US': 'Valencia'}","{'en_US': 'Costa de Valencia'}","{'en_US': 'Rocafort'}","{'en_US': 'Rocafort'}","","46111","0.0","0.0"
"{'en_US': 'Andalucia'}","{'en_US': 'Granada'}","{'en_US': 'Costa Tropical'}","{'en_US': 'Ítrabo'}","{'en_US': 'Ítrabo'}","","18612","0.0","0.0"
"{'en_US': 'Andalucia'}","{'en_US': 'Almería'}","{'en_US': 'Costa Almeria'}","{'en_US': 'Adra'}","{'en_US': 'El Campillo'}","","04811","0.0","0.0"
"{'en_US': 'Andalucia'}","{'en_US': 'Almería'}","{'en_US': 'Inland Almeria'}","{'en_US': 'Terque'}","{'en_US': 'Terque'}","","04569","0.0","0.0"
"{'en_US': 'Andalucia'}","{'en_US': 'Almería'}","{'en_US': 'Costa Almeria'}","{'en_US': 'Adra'}","{'en_US': 'Las Cuatro Higueras'}","","04618","0.0","0.0"
"{'en_US': 'Andalucia'}","{'en_US': 'Málaga'}","{'en_US': 'Costa del Sol'}","{'en_US': 'Marbella'}","{'en_US': 'La Cerquilla'}","","29660","-4.978970000000001","36.51664000000001"
"{'en_US': 'Andalucia'}","{'en_US': 'Málaga'}","{'en_US': 'Costa del Sol East'}","{'en_US': 'Rincón de la Victoria'}","{'en_US': 'Torre de Benagalbón'}","","29738","0.0","0.0"
"{'en_US': 'Andalucia'}","{'en_US': 'Almería'}","{'en_US': 'Inland Almeria'}","{'en_US': 'Mojácar'}","{'en_US': 'Mojácar'}","","04638","0.0","0.0"
"{'en_US': 'Andalucia'}","{'en_US': 'Granada'}","{'en_US': 'Costa Tropical'}","{'en_US': 'Albondón'}","{'en_US': 'Albondón'}","","18708","0.0","0.0"
"{'en_US': 'Balearic Islands'}","{'en_US': 'Mallorca'}","{'en_US': 'Mallorca'}","{'en_US': 'Alaró'}","{'en_US': 'Alaró'}","","7340","2.790830000000001","39.70667000000001"
"{'en_US': 'Valencia Community'}","{'en_US': 'Valencia'}","{'en_US': 'Costa de Valencia'}","{'en_US': 'Sagunto'}","{'en_US': 'Sagunto'}","","46500","0.0","0.0"
"{'en_US': 'Valencia Community'}","{'en_US': 'Valencia'}","{'en_US': 'Costa de Valencia'}","{'en_US': 'Simat de la Valldigna'}","{'en_US': 'Simat de la Valldigna'}","","46750","0.0","0.0"
"{'en_US': 'Valencia Community'}","{'en_US': 'Valencia'}","{'en_US': 'Costa de Valencia'}","{'en_US': 'Segart'}","{'en_US': 'Segart'}","","46592","0.0","0.0"
"{'en_US': 'Balearic Islands'}","{'en_US': 'Mallorca'}","{'en_US': 'Mallorca'}","{'en_US': 'Alcúdia'}","{'en_US': 'Alcúdia'}","","7400","3.119170000000001","39.85250000000001"
"{'en_US': 'Balearic Islands'}","{'en_US': 'Mallorca'}","{'en_US': 'Mallorca'}","{'en_US': 'Alcúdia'}","{'en_US': 'Alcanada'}","","7400","3.270620000000001","39.466960000000014"
"{'en_US': 'Andalucia'}","{'en_US': 'Málaga'}","{'en_US': 'Costa del Sol'}","{'en_US': 'Torremolinos'}","{'en_US': 'Los Alamos'}","","29012","-2.3297","37.541570000000014"
"{'en_US': 'Andalucia'}","{'en_US': 'Málaga'}","{'en_US': 'Costa del Sol'}","{'en_US': 'Torremolinos'}","{'en_US': 'Montemar'}","","29620","36.60998000000001","-4.508240000000001"
"{'en_US': 'Andalucia'}","{'en_US': 'Málaga'}","{'en_US': 'Costa del Sol'}","{'en_US': 'Marbella'}","{'en_US': 'La Quinta'}","","29660","-4.994500000000001","36.51230000000001"
"{'en_US': 'Murcia'}","{'en_US': 'Murcia'}","{'en_US': 'Huerta de Murcia'}","{'en_US': 'Santomera'}","{'en_US': 'Santomera'}","","30140","-1.04909","38.06158000000001"
"{'en_US': 'Andalucia'}","{'en_US': 'Málaga'}","{'en_US': 'Antequera'}","{'en_US': 'Fuente de Piedra'}","{'en_US': 'Fuente de Piedra'}","","29520","-4.729890000000001","37.13528000000001"
"{'en_US': 'Valencia Community'}","{'en_US': 'Valencia'}","{'en_US': 'Costa de Valencia'}","{'en_US': 'Tavernes Blanques'}","{'en_US': 'Tavernes Blanques'}","","46016","0.0","0.0"
"{'en_US': 'Valencia Community'}","{'en_US': 'Valencia'}","{'en_US': 'Costa de Valencia'}","{'en_US': 'Sueca'}","{'en_US': 'Sueca'}","","46410","0.0","0.0"
"{'en_US': 'Valencia Community'}","{'en_US': 'Valencia'}","{'en_US': 'Ribera Alta'}","{'en_US': 'Alginet'}","{'en_US': 'Alginet'}","","46230","-0.476150116","39.26348560000002"
"{'en_US': 'Valencia Community'}","{'en_US': 'Valencia'}","{'en_US': 'Los Serranos'}","{'en_US': 'Chulilla'}","{'en_US': 'La Ermita'}","","46160","-1.21302611","39.64800740000001"
"{'en_US': 'Valencia Community'}","{'en_US': 'Valencia'}","{'en_US': 'Hoya de Buñol-Chiva'}","{'en_US': 'Chiva'}","{'en_US': 'Chiva'}","","46370","-0.722083816","39.47348220000002"
"{'en_US': 'Valencia Community'}","{'en_US': 'Valencia'}","{'en_US': 'Costa de Valencia'}","{'en_US': 'Xeresa'}","{'en_US': 'Xeresa'}","","46790","0.0","0.0"
"{'en_US': 'Valencia Community'}","{'en_US': 'Valencia'}","{'en_US': 'Requena-Utiel'}","{'en_US': 'Requena'}","{'en_US': 'Requena'}","","46340","-1.110710915","39.48856530000001"
"{'en_US': 'Valencia Community'}","{'en_US': 'Valencia'}","{'en_US': 'Valle de Albaida'}","{'en_US': 'Bocairent'}","{'en_US': 'Bocairent'}","","46880","-0.617912616","38.764409100000016"
"{'en_US': 'Balearic Islands'}","{'en_US': 'Ibiza'}","{'en_US': 'Ibiza'}","{'en_US': 'Sant Josep de sa Talaia'}","{'en_US': 'Sant Agustí des Vedrà'}","","07829","1.29367","38.941120000000005"
"{'en_US': 'Andalucia'}","{'en_US': 'Almería'}","{'en_US': 'Inland Almeria'}","{'en_US': 'Mojácar'}","{'en_US': 'La Alcantarilla'}","","04638","0.0","0.0"
"{'en_US': 'Andalucia'}","{'en_US': 'Almería'}","{'en_US': 'Inland Almeria'}","{'en_US': 'Mojácar'}","{'en_US': 'Las Alparatas'}","","04638","0.0","0.0"
"{'en_US': 'Balearic Islands'}","{'en_US': 'Ibiza'}","{'en_US': 'Ibiza'}","{'en_US': 'Santa Eulària des Riu'}","{'en_US': 'Nostra Senyora de Jesús'}","","07819","1.4519","38.92927000000001"
"{'en_US': 'Andalucia'}","{'en_US': 'Málaga'}","{'en_US': 'Sierra de las Nieves'}","{'en_US': 'El Burgo'}","{'en_US': 'El Burgo'}","","29420","-4.947650000000001","36.789240000000014"
"{'en_US': 'Balearic Islands'}","{'en_US': 'Ibiza'}","{'en_US': 'Ibiza'}","{'en_US': 'Santa Eulària des Riu'}","{'en_US': ""Puig d'en Valls""}","","07813","1.43341","38.928290000000004"
"{'en_US': 'Andalucia'}","{'en_US': 'Granada'}","{'en_US': 'Costa Tropical'}","{'en_US': 'Gualchos'}","{'en_US': 'Gualchos'}","","18614","0.0","0.0"
"{'en_US': 'Andalucia'}","{'en_US': 'Málaga'}","{'en_US': 'Costa del Sol'}","{'en_US': 'Estepona'}","{'en_US': 'El Velerin'}","","29689","-5.090920000000001","36.447630000000004"
"{'en_US': 'Andalucia'}","{'en_US': 'Málaga'}","{'en_US': 'Costa del Sol'}","{'en_US': 'Estepona'}","{'en_US': 'Estepona'}","","29680","-5.146850000000001","36.42681000000001"
"{'en_US': 'Valencia Community'}","{'en_US': 'Valencia'}","{'en_US': 'Costa de Valencia'}","{'en_US': 'Sueca'}","{'en_US': 'Mareny de Barraquetes'}","","46419","0.0","0.0"
"{'en_US': 'Andalucia'}","{'en_US': 'Málaga'}","{'en_US': 'Costa del Sol'}","{'en_US': 'Marbella'}","{'en_US': 'Valle del Sol'}","","29670","-5.008700000000001","36.48850000000001"
"{'en_US': 'Andalucia'}","{'en_US': 'Almería'}","{'en_US': 'Inland Almeria'}","{'en_US': 'Cantoria'}","{'en_US': 'El Arroyo Albanchez'}","","04850","0.0","0.0"
"{'en_US': 'Andalucia'}","{'en_US': 'Cadiz'}","{'en_US': 'Costa de la Luz'}","{'en_US': 'Vejer de la Frontera'}","{'en_US': 'Vejer de la Frontera'}","","11150","-5.970661116","36.25167210000003"
"{'en_US': 'Andalucia'}","{'en_US': 'Almería'}","{'en_US': 'Costa Almeria'}","{'en_US': 'Adra'}","{'en_US': 'El Lance de la Virgen'}","","04778","0.0","0.0"
"{'en_US': 'Andalucia'}","{'en_US': 'Málaga'}","{'en_US': 'Axarquía'}","{'en_US': 'Colmenar'}","{'en_US': 'Colmenar'}","","29170","-4.336810000000002","36.905370000000005"
"{'en_US': 'Andalucia'}","{'en_US': 'Málaga'}","{'en_US': 'Axarquía'}","{'en_US': 'Árchez'}","{'en_US': 'Árchez'}","","29753","-3.990710000000001","36.83905000000001"
"{'en_US': 'Andalucia'}","{'en_US': 'Almería'}","{'en_US': 'Inland Almeria'}","{'en_US': 'Instinción'}","{'en_US': 'Instinción'}","","04430","0.0","0.0"
"{'en_US': 'Andalucia'}","{'en_US': 'Granada'}","{'en_US': 'Granada Inland'}","{'en_US': 'Baza'}","{'en_US': 'Baza'}","","18800","-2.912430000000001","37.48642000000001"
"{'en_US': 'Andalucia'}","{'en_US': 'Málaga'}","{'en_US': 'Costa del Sol'}","{'en_US': 'Estepona'}","{'en_US': 'Diana Park'}","","29688","-5.013810000000001","36.46932000000001"
"{'en_US': 'Andalucia'}","{'en_US': 'Málaga'}","{'en_US': 'Costa del Sol'}","{'en_US': 'Mijas'}","{'en_US': 'Mijas Costa'}","","29649","-4.680510000000002","36.50489000000001"
"{'en_US': 'Andalucia'}","{'en_US': 'Almería'}","{'en_US': 'Costa Almeria'}","{'en_US': 'Adra'}","{'en_US': 'La Loma de los Vargas'}","","04770","0.0","0.0"
"{'en_US': 'Andalucia'}","{'en_US': 'Cadiz'}","{'en_US': 'Costa de la Luz'}","{'en_US': 'Tarifa'}","{'en_US': 'Tarifa'}","","11380","-5.604400000000002","36.014300000000006"
"{'en_US': 'Andalucia'}","{'en_US': 'Málaga'}","{'en_US': 'Valle del Guadalhorce'}","{'en_US': 'Coín'}","{'en_US': 'Coín'}","","29100","-4.756560000000001","36.660050000000005"
"{'en_US': 'Andalucia'}","{'en_US': 'Málaga'}","{'en_US': 'Axarquía'}","{'en_US': 'Algarrobo'}","{'en_US': 'Algarrobo'}","","29750","-4.039930000000001","36.77324000000001"
"{'en_US': 'Andalucia'}","{'en_US': 'Almería'}","{'en_US': 'Costa Almeria'}","{'en_US': 'Roquetas de Mar'}","{'en_US': 'Roquetas de Mar'}","","04720","0.0","0.0"
"{'en_US': 'Andalucia'}","{'en_US': 'Málaga'}","{'en_US': 'Costa del Sol'}","{'en_US': 'Mijas'}","{'en_US': 'Calanova Golf'}","","29649","-4.706650000000001","36.515730000000005"
"{'en_US': 'Andalucia'}","{'en_US': 'Almería'}","{'en_US': 'Inland Almeria'}","{'en_US': 'El Ejido'}","{'en_US': 'Ensenada San Miguel / Almerimar'}","","04700","0.0","0.0"
"{'en_US': 'Andalucia'}","{'en_US': 'Málaga'}","{'en_US': 'Axarquía'}","{'en_US': 'Algarrobo'}","{'en_US': 'Algarrobo Costa'}","","29750","0.0","0.0"
"{'en_US': 'Andalucia'}","{'en_US': 'Málaga'}","{'en_US': 'Costa del Sol'}","{'en_US': 'Mijas'}","{'en_US': 'La Cala Golf'}","","29649","-4.722540000000001","36.54220000000001"
"{'en_US': 'Andalucia'}","{'en_US': 'Almería'}","{'en_US': 'Inland Almeria'}","{'en_US': 'Berja'}","{'en_US': 'Río Grande'}","","04769","0.0","0.0"
"{'en_US': 'Andalucia'}","{'en_US': 'Almería'}","{'en_US': 'Costa Almeria'}","{'en_US': 'Almería'}","{'en_US': 'Costacabana'}","","04120","0.0","0.0"
"{'en_US': 'Andalucia'}","{'en_US': 'Málaga'}","{'en_US': 'Costa del Sol'}","{'en_US': 'Estepona'}","{'en_US': 'Valle Romano'}","","29680","-5.194000000000002","36.423500000000004"
"{'en_US': 'Andalucia'}","{'en_US': 'Málaga'}","{'en_US': 'Costa del Sol'}","{'en_US': 'Marbella'}","{'en_US': 'Río Real'}","","29603","-4.844710000000001","36.51133000000001"
"{'en_US': 'Andalucia'}","{'en_US': 'Málaga'}","{'en_US': 'Costa del Sol'}","{'en_US': 'Málaga'}","{'en_US': 'Malaga Oeste'}","","29003","-4.446090000000002","36.700840000000014"
"{'en_US': 'Andalucia'}","{'en_US': 'Almería'}","{'en_US': 'Inland Almeria'}","{'en_US': 'Rágol'}","{'en_US': 'Rágol'}","","04440","0.0","0.0"
"{'en_US': 'Andalucia'}","{'en_US': 'Málaga'}","{'en_US': 'Costa del Sol'}","{'en_US': 'Benahavís'}","{'en_US': 'Monte Halcones'}","","29678","-5.003260000000002","36.51585000000001"
"{'en_US': 'Andalucia'}","{'en_US': 'Almería'}","{'en_US': 'Inland Almeria'}","{'en_US': 'Cantoria'}","{'en_US': 'Cantoria'}","","04850","0.0","0.0"
"{'en_US': 'Andalucia'}","{'en_US': 'Málaga'}","{'en_US': 'Guadalteba'}","{'en_US': 'Serrato'}","{'en_US': 'Serrato'}","","29471","-4.981010000000001","36.88492000000001"
"{'en_US': 'Andalucia'}","{'en_US': 'Almería'}","{'en_US': 'Inland Almeria'}","{'en_US': 'Arboleas'}","{'en_US': 'La Hoya'}","","04693","0.0","0.0"
"{'en_US': 'Andalucia'}","{'en_US': 'Granada'}","{'en_US': 'Costa Tropical'}","{'en_US': 'Molvízar'}","{'en_US': 'Molvízar'}","","18611","0.0","0.0"
"{'en_US': 'Andalucia'}","{'en_US': 'Málaga'}","{'en_US': 'Costa del Sol'}","{'en_US': 'Torremolinos'}","{'en_US': 'El Pinillo'}","","29620","-4.515300000000002","36.609800000000014"
"{'en_US': 'Andalucia'}","{'en_US': 'Málaga'}","{'en_US': 'Costa del Sol'}","{'en_US': 'Málaga'}","{'en_US': 'Atabal'}","","29191","-4.473740000000001","36.735020000000006"
"{'en_US': 'Andalucia'}","{'en_US': 'Almería'}","{'en_US': 'Costa Almeria'}","{'en_US': 'Almería'}","{'en_US': 'Cuevas de los Úbedas'}","","04130","0.0","0.0"
"{'en_US': 'Andalucia'}","{'en_US': 'Málaga'}","{'en_US': 'Costa del Sol'}","{'en_US': 'Marbella'}","{'en_US': 'Aloha'}","","29660","-4.959780000000001","36.50034000000001"
"{'en_US': 'Andalucia'}","{'en_US': 'Málaga'}","{'en_US': 'Serranía de Ronda'}","{'en_US': 'Arriate'}","{'en_US': 'Arriate'}","","29350","-5.140750000000001","36.79914000000001"
"{'en_US': 'Andalucia'}","{'en_US': 'Málaga'}","{'en_US': 'Costa del Sol'}","{'en_US': 'Málaga'}","{'en_US': 'Guadalmar'}","","29004","-4.478340000000001","36.666430000000005"
"{'en_US': 'Andalucia'}","{'en_US': 'Cadiz'}","{'en_US': 'Costa de la Luz'}","{'en_US': 'Sotogrande'}","{'en_US': 'Sotogrande Playa'}","","11310","-5.282550000000001","36.27705000000001"
"{'en_US': 'Andalucia'}","{'en_US': 'Málaga'}","{'en_US': 'Costa del Sol'}","{'en_US': 'Málaga'}","{'en_US': 'Melilla'}","","29016","-4.411570000000001","36.716840000000005"
"{'en_US': 'Andalucia'}","{'en_US': 'Málaga'}","{'en_US': 'Nororma'}","{'en_US': 'Villanueva del Trabuco'}","{'en_US': 'Villanueva del Trabuco'}","","29313","-4.33799","37.02839000000001"
"{'en_US': 'Andalucia'}","{'en_US': 'Málaga'}","{'en_US': 'Costa del Sol'}","{'en_US': 'Marbella'}","{'en_US': 'Torre Real'}","","29603","-4.843720000000001","36.506530000000005"
"{'en_US': 'Andalucia'}","{'en_US': 'Granada'}","{'en_US': 'Costa Tropical'}","{'en_US': 'Los Guájares'}","{'en_US': 'Los Guájares'}","","18615","-3.611600000000001","36.84570000000001"
"{'en_US': 'Andalucia'}","{'en_US': 'Málaga'}","{'en_US': 'Costa del Sol'}","{'en_US': 'Estepona'}","{'en_US': 'El Padron'}","","29689","-5.104100000000001","36.44380000000001"
"{'en_US': 'Andalucia'}","{'en_US': 'Málaga'}","{'en_US': 'Axarquía'}","{'en_US': 'Riogordo'}","{'en_US': 'Riogordo'}","","29180","-4.293480000000002","36.91528000000001"
"{'en_US': 'Andalucia'}","{'en_US': 'Almería'}","{'en_US': 'Inland Almeria'}","{'en_US': 'Senés'}","{'en_US': 'Senés'}","","04213","0.0","0.0"
"{'en_US': 'Andalucia'}","{'en_US': 'Granada'}","{'en_US': 'Valle de Lecrín'}","{'en_US': 'Lecrín'}","{'en_US': 'Béznar'}","","18656","-3.681640000000001","36.92757000000001"
"{'en_US': 'Andalucia'}","{'en_US': 'Almería'}","{'en_US': 'Costa Almeria'}","{'en_US': 'Almería'}","{'en_US': 'Isla de Alborán'}","","04071","0.0","0.0"
"{'en_US': 'Andalucia'}","{'en_US': 'Málaga'}","{'en_US': 'Costa del Sol'}","{'en_US': 'Málaga'}","{'en_US': 'Málaga (city)'}","","29001","-4.421640000000003","36.72130000000002"
"{'en_US': 'Andalucia'}","{'en_US': 'Málaga'}","{'en_US': 'Costa del Sol'}","{'en_US': 'Málaga'}","{'en_US': 'Málaga Este'}","","29190","-4.421270000000002","36.72126000000001"
"{'en_US': 'Andalucia'}","{'en_US': 'Seville'}","{'en_US': 'Sierra Sur de Sevilla'}","{'en_US': 'Osuna'}","{'en_US': 'Osuna'}","","41640","-5.115200000000001","37.238890000000005"
"{'en_US': 'Balearic Islands'}","{'en_US': 'Ibiza'}","{'en_US': 'Ibiza'}","{'en_US': 'Sant Antoni de Portmany'}","{'en_US': ""Sant Mateu d'Albarca""}","","07816","1.38296","39.03929000000001"
"{'en_US': 'Andalucia'}","{'en_US': 'Almería'}","{'en_US': 'Costa Almeria'}","{'en_US': 'Roquetas de Mar'}","{'en_US': 'Las Marinas'}","","04621","0.0","0.0"
"{'en_US': 'Andalucia'}","{'en_US': 'Granada'}","{'en_US': 'Valle de Lecrín'}","{'en_US': 'Albuñuelas'}","{'en_US': 'Albuñuelas'}","","18659","-3.651030000000001","36.927960000000006"
"{'en_US': 'Murcia'}","{'en_US': 'Murcia'}","{'en_US': 'Costa Cálida'}","{'en_US': 'Murcia'}","{'en_US': 'Hacienda Riquelme Golf Resort'}","","30590","-0.97017","37.89717000000001"
"{'en_US': 'Andalucia'}","{'en_US': 'Granada'}","{'en_US': 'Costa Tropical'}","{'en_US': 'Lújar'}","{'en_US': 'Lújar'}","","18614","0.0","0.0"
"{'en_US': 'Andalucia'}","{'en_US': 'Málaga'}","{'en_US': 'Serranía de Ronda'}","{'en_US': 'Benalauría'}","{'en_US': 'Benalauría'}","","29491","-5.261030000000001","36.594220000000014"
"{'en_US': 'Andalucia'}","{'en_US': 'Granada'}","{'en_US': 'Valle de Lecrín'}","{'en_US': 'Dúrcal'}","{'en_US': 'Dúrcal'}","","18650","-3.574440000000001","36.98735000000001"
"{'en_US': 'Andalucia'}","{'en_US': 'Málaga'}","{'en_US': 'Sierra de las Nieves'}","{'en_US': 'Guaro'}","{'en_US': 'Guaro'}","","29108","-4.834410000000001","36.65612000000001"
"{'en_US': 'Andalucia'}","{'en_US': 'Almería'}","{'en_US': 'Inland Almeria'}","{'en_US': 'Alicún'}","{'en_US': 'Alicún'}","","04409","-2.601898300000002","36.96588590000002"
"{'en_US': 'Balearic Islands'}","{'en_US': 'Mallorca'}","{'en_US': 'Mallorca'}","{'en_US': 'Manacor'}","{'en_US': 'Porto Petro'}","","7691","3.20823","39.36184000000001"
"{'en_US': 'Balearic Islands'}","{'en_US': 'Mallorca'}","{'en_US': 'Mallorca'}","{'en_US': 'Marratxí'}","{'en_US': 'Sa Cabaneta'}","","7141","2.749620000000001","39.621430000000004"
"{'en_US': 'Balearic Islands'}","{'en_US': 'Mallorca'}","{'en_US': 'Mallorca'}","{'en_US': 'Palma'}","{'en_US': 'Casco Antiguo'}","","7001","2.64748","39.567460000000004"
"{'en_US': 'Valencia Community'}","{'en_US': 'Valencia'}","{'en_US': 'Campo de Turia'}","{'en_US': 'Bétera'}","{'en_US': 'Bétera'}","","46117","-0.461366516","39.59065950000002"
"{'en_US': 'Murcia'}","{'en_US': 'Murcia'}","{'en_US': 'Costa Cálida'}","{'en_US': 'Los Alcázares'}","{'en_US': 'Los Alcázares'}","","30710","-0.85265","37.740140000000004"
"{'en_US': 'Andalucia'}","{'en_US': 'Málaga'}","{'en_US': 'Costa del Sol'}","{'en_US': 'Málaga'}","{'en_US': 'Cortijo de Maza'}","","29140","-4.503727700000003","36.64832170000002"
"{'en_US': 'Andalucia'}","{'en_US': 'Almería'}","{'en_US': 'Inland Almeria'}","{'en_US': 'La Mojonera'}","{'en_US': 'La Mojonera'}","","04745","0.0","0.0"
"{'en_US': 'Andalucia'}","{'en_US': 'Almería'}","{'en_US': 'Inland Almeria'}","{'en_US': 'Vícar'}","{'en_US': 'Vicar'}","","04738","0.0","0.0"
"{'en_US': 'Andalucia'}","{'en_US': 'Málaga'}","{'en_US': 'Costa del Sol'}","{'en_US': 'Mijas'}","{'en_US': 'Entrerrios'}","","29650","-4.732829415000002","36.55464740000002"
"{'en_US': 'Andalucia'}","{'en_US': 'Granada'}","{'en_US': 'Costa Tropical'}","{'en_US': 'Sorvilán'}","{'en_US': 'Alfornón'}","","18710","0.0","0.0"
"{'en_US': 'Balearic Islands'}","{'en_US': 'Mallorca'}","{'en_US': 'Mallorca'}","{'en_US': 'Manacor'}","{'en_US': 'Cala Magrana'}","","7680","3.324390000000001","39.52700000000001"
"{'en_US': 'Balearic Islands'}","{'en_US': 'Mallorca'}","{'en_US': 'Mallorca'}","{'en_US': 'Palma'}","{'en_US': 'Arabella Park'}","","7013","2.603200000000001","39.586430000000014"
"{'en_US': 'Andalucia'}","{'en_US': 'Almería'}","{'en_US': 'Inland Almeria'}","{'en_US': 'Vícar'}","{'en_US': 'Puebla de Vícar'}","","04738","0.0","0.0"
"{'en_US': 'Balearic Islands'}","{'en_US': 'Mallorca'}","{'en_US': 'Mallorca'}","{'en_US': 'Marratxí'}","{'en_US': 'Marratxí'}","","7141","2.71845","39.621500000000005"
"{'en_US': 'Valencia Community'}","{'en_US': 'Alicante'}","{'en_US': 'La Vega Baja'}","{'en_US': 'Safor'}","{'en_US': 'Safor'}","","03802","-0.49276","38.686470000000014"
"{'en_US': 'Andalucia'}","{'en_US': 'Almería'}","{'en_US': 'Inland Almeria'}","{'en_US': 'Cuevas del Almanzora'}","{'en_US': 'Cuevas del Almanzora'}","","04610","0.0","0.0"
"{'en_US': 'Andalucia'}","{'en_US': 'Almería'}","{'en_US': 'Inland Almeria'}","{'en_US': 'Sorbas'}","{'en_US': 'Sorbas'}","","04270","0.0","0.0"
"{'en_US': 'Andalucia'}","{'en_US': 'Málaga'}","{'en_US': 'Costa del Sol'}","{'en_US': 'Málaga'}","{'en_US': 'La Victoria'}","","29012","-4.413574338808347","36.726306073252466"
"{'en_US': 'Andalucia'}","{'en_US': 'Almería'}","{'en_US': 'Inland Almeria'}","{'en_US': 'La Mojonera'}","{'en_US': 'Las Cantinas'}","","04746","0.0","0.0"
"{'en_US': 'Balearic Islands'}","{'en_US': 'Mallorca'}","{'en_US': 'Mallorca'}","{'en_US': 'Esporles'}","{'en_US': ""S'Esgleieta""}","","7190","2.645230000000001","39.657590000000006"
"{'en_US': 'Balearic Islands'}","{'en_US': 'Mallorca'}","{'en_US': 'Mallorca'}","{'en_US': 'Manacor'}","{'en_US': ""S'Horta""}","","7669","3.209870000000001","39.40862000000001"
"{'en_US': 'Balearic Islands'}","{'en_US': 'Mallorca'}","{'en_US': 'Mallorca'}","{'en_US': 'Palma'}","{'en_US': 'Pueblo Español'}","","7014","2.627940000000001","39.572840000000014"
"{'en_US': 'Balearic Islands'}","{'en_US': 'Mallorca'}","{'en_US': 'Mallorca'}","{'en_US': 'Algaida'}","{'en_US': 'Randa'}","","7210","2.915560000000001","39.52639000000001"
"{'en_US': 'Andalucia'}","{'en_US': 'Almería'}","{'en_US': 'Inland Almeria'}","{'en_US': 'Sierro'}","{'en_US': 'Sierro'}","","04878","0.0","0.0"
"{'en_US': 'Andalucia'}","{'en_US': 'Almería'}","{'en_US': 'Inland Almeria'}","{'en_US': 'Níjar'}","{'en_US': 'Los Nietos - Almería'}","","04117","-2.193211300000002","36.884983300000016"
"{'en_US': 'Andalucia'}","{'en_US': 'Almería'}","{'en_US': 'Costa Almeria'}","{'en_US': 'Adra'}","{'en_US': 'La Curva'}","","04770","0.0","0.0"
"{'en_US': 'Andalucia'}","{'en_US': 'Almería'}","{'en_US': 'Costa Almeria'}","{'en_US': 'Adra'}","{'en_US': 'Guainos Altos'}","","04778","0.0","0.0"
"{'en_US': 'Andalucia'}","{'en_US': 'Almería'}","{'en_US': 'Costa Almeria'}","{'en_US': 'Almería'}","{'en_US': 'Retamar'}","","04131","0.0","0.0"
"{'en_US': 'Andalucia'}","{'en_US': 'Almería'}","{'en_US': 'Inland Almeria'}","{'en_US': 'Taberno'}","{'en_US': 'Taberno'}","","04692","0.0","0.0"
"{'en_US': 'Andalucia'}","{'en_US': 'Almería'}","{'en_US': 'Inland Almeria'}","{'en_US': 'Tahal'}","{'en_US': 'Tahal'}","","04275","0.0","0.0"
"{'en_US': 'Andalucia'}","{'en_US': 'Málaga'}","{'en_US': 'Axarquía'}","{'en_US': 'Canillas de Aceituno'}","{'en_US': 'Canillas de Aceituno'}","","29716","-4.082130000000001","36.87317000000001"
"{'en_US': 'Andalucia'}","{'en_US': 'Almería'}","{'en_US': 'Inland Almeria'}","{'en_US': 'Gérgal'}","{'en_US': 'Aulago'}","","04549","0.0","0.0"
"{'en_US': 'Andalucia'}","{'en_US': 'Granada'}","{'en_US': 'Costa Tropical'}","{'en_US': 'Motril'}","{'en_US': 'Puntalón'}","","18600","-3.514750000000001","36.729090000000014"
"{'en_US': 'Andalucia'}","{'en_US': 'Málaga'}","{'en_US': 'Costa del Sol'}","{'en_US': 'Fuengirola'}","{'en_US': 'Fuengirola'}","","29640","-4.623330000000001","36.53878000000001"
"{'en_US': 'Andalucia'}","{'en_US': 'Málaga'}","{'en_US': 'Costa del Sol'}","{'en_US': 'Fuengirola'}","{'en_US': 'Los Boliches'}","","29640","-4.614100000000001","36.55378000000001"
"{'en_US': 'Andalucia'}","{'en_US': 'Almería'}","{'en_US': 'Inland Almeria'}","{'en_US': 'Gérgal'}","{'en_US': 'El Almendral'}","","04559","0.0","0.0"
"{'en_US': 'Andalucia'}","{'en_US': 'Almería'}","{'en_US': 'Inland Almeria'}","{'en_US': 'Fondón'}","{'en_US': 'Benecid'}","","04479","0.0","0.0"
"{'en_US': 'Andalucia'}","{'en_US': 'Málaga'}","{'en_US': 'Costa del Sol'}","{'en_US': 'Manilva'}","{'en_US': 'San Luis de Sabinillas'}","","29692","-5.227810000000001","36.36730000000001"
"{'en_US': 'Andalucia'}","{'en_US': 'Málaga'}","{'en_US': 'Costa del Sol'}","{'en_US': 'Benalmádena'}","{'en_US': 'Torrequebrada'}","","29630","-4.538820000000001","36.581840000000014"
"{'en_US': 'Andalucia'}","{'en_US': 'Cadiz'}","{'en_US': 'Costa de la Luz'}","{'en_US': 'San Roque'}","{'en_US': 'Torreguadiaro'}","","11312","-5.275300000000001","36.294300000000014"
"{'en_US': 'Andalucia'}","{'en_US': 'Málaga'}","{'en_US': 'Costa del Sol'}","{'en_US': 'Mijas'}","{'en_US': 'Cerros del Aguila'}","","29649","-4.659700000000002","36.534800000000004"
"{'en_US': 'Andalucia'}","{'en_US': 'Málaga'}","{'en_US': 'Costa del Sol'}","{'en_US': 'Benahavís'}","{'en_US': 'Los Flamingos'}","","29679","-5.052240000000001","36.47377000000001"
"{'en_US': 'Valencia Community'}","{'en_US': 'Alicante'}","{'en_US': 'Comtat'}","{'en_US': 'Gaianes'}","{'en_US': 'Gaianes'}","","03840","-0.40783","38.81329000000001"
"{'en_US': 'Andalucia'}","{'en_US': 'Almería'}","{'en_US': 'Inland Almeria'}","{'en_US': 'Vícar'}","{'en_US': 'Las Cabañuelas'}","","04738","0.0","0.0"
"{'en_US': 'Valencia Community'}","{'en_US': 'Alicante'}","{'en_US': 'Hoja de Alcoy'}","{'en_US': 'Castalla'}","{'en_US': 'Castalla'}","","03420","-0.67026","38.595720000000014"
"{'en_US': 'Balearic Islands'}","{'en_US': 'Mallorca'}","{'en_US': 'Mallorca'}","{'en_US': 'Andratx'}","{'en_US': 'Son Curt'}","","7150","2.45178","39.583220000000004"
"{'en_US': 'Valencia Community'}","{'en_US': 'Alicante'}","{'en_US': 'Costa Blanca South'}","{'en_US': 'Orihuela Costa'}","{'en_US': 'La Regia'}","","03189","0.0","0.0"
"{'en_US': 'Balearic Islands'}","{'en_US': 'Mallorca'}","{'en_US': 'Mallorca'}","{'en_US': 'Sineu'}","{'en_US': 'Sineu'}","","7510","3.01124","39.644110000000005"
"{'en_US': 'Balearic Islands'}","{'en_US': 'Mallorca'}","{'en_US': 'Mallorca'}","{'en_US': 'Petra'}","{'en_US': 'Petra'}","","7520","3.113490000000001","39.61231000000001"
"{'en_US': 'Andalucia'}","{'en_US': 'Almería'}","{'en_US': 'Inland Almeria'}","{'en_US': 'Tíjola'}","{'en_US': 'Tíjola'}","","04880","0.0","0.0"
"{'en_US': 'Andalucia'}","{'en_US': 'Almería'}","{'en_US': 'Inland Almeria'}","{'en_US': 'Berja'}","{'en_US': 'Berja'}","","04760","-2.945818000000001","36.84288320000002"
"{'en_US': 'Andalucia'}","{'en_US': 'Almería'}","{'en_US': 'Inland Almeria'}","{'en_US': 'Berja'}","{'en_US': 'Castala'}","","04760","0.0","0.0"
"{'en_US': 'Andalucia'}","{'en_US': 'Granada'}","{'en_US': 'Costa Tropical'}","{'en_US': 'Rubite'}","{'en_US': 'Caserones'}","","18711","0.0","0.0"
"{'en_US': 'Andalucia'}","{'en_US': 'Granada'}","{'en_US': 'Costa Tropical'}","{'en_US': 'Rubite'}","{'en_US': 'Rubite'}","","18711","0.0","0.0"
"{'en_US': 'Andalucia'}","{'en_US': 'Málaga'}","{'en_US': 'Nororma'}","{'en_US': 'Villanueva de Tapia'}","{'en_US': 'Villanueva de Tapia'}","","29315","-4.334300000000002","37.18357000000001"
"{'en_US': 'Valencia Community'}","{'en_US': 'Alicante'}","{'en_US': 'Costa Blanca North'}","{'en_US': 'Alicante'}","{'en_US': 'Cañada de Fenollar'}","","03699","-0.58091","38.39623000000001"
"{'en_US': 'Valencia Community'}","{'en_US': 'Alicante'}","{'en_US': 'La Vega Baja'}","{'en_US': 'Catral'}","{'en_US': 'Catral'}","","03158","-0.8014","38.160300000000014"
"{'en_US': 'Balearic Islands'}","{'en_US': 'Mallorca'}","{'en_US': 'Mallorca'}","{'en_US': 'Palma'}","{'en_US': 'Cala Estància'}","","7610","2.71309","39.53607000000001"
"{'en_US': 'Balearic Islands'}","{'en_US': 'Mallorca'}","{'en_US': 'Mallorca'}","{'en_US': 'Santanyí'}","{'en_US': 'Cala Mondrago'}","","7691","3.18668","39.352470000000004"
"{'en_US': 'Andalucia'}","{'en_US': 'Málaga'}","{'en_US': 'Costa del Sol'}","{'en_US': 'Benahavís'}","{'en_US': 'El Madroñal'}","","29678","-5.005500000000001","36.526900000000005"
"{'en_US': 'Balearic Islands'}","{'en_US': 'Mallorca'}","{'en_US': 'Mallorca'}","{'en_US': 'Escorca'}","{'en_US': 'Escorca'}","","7315","2.847780000000001","39.82652000000001"
"{'en_US': 'Murcia'}","{'en_US': 'Murcia'}","{'en_US': 'Bajo Guadalentín'}","{'en_US': 'Totana'}","{'en_US': 'Totana'}","","30850","-1.50016","37.77100000000001"
"{'en_US': 'Andalucia'}","{'en_US': 'Málaga'}","{'en_US': 'Costa del Sol'}","{'en_US': 'Mijas'}","{'en_US': 'Calahonda'}","","29649","-4.714500000000001","36.487800000000014"
"{'en_US': 'Balearic Islands'}","{'en_US': 'Mallorca'}","{'en_US': 'Mallorca'}","{'en_US': 'Banyalbufar'}","{'en_US': 'Port des Canonge'}","","7191","2.55408","39.699600000000004"
"{'en_US': 'Valencia Community'}","{'en_US': 'Alicante'}","{'en_US': 'Costa Blanca South'}","{'en_US': 'Orihuela Costa'}","{'en_US': 'Cabo Roig'}","","03189","-0.72385","37.91501000000001"
"{'en_US': 'Andalucia'}","{'en_US': 'Málaga'}","{'en_US': 'Valle del Guadalhorce'}","{'en_US': 'Cártama'}","{'en_US': 'Cártama'}","","29570","-4.631540000000001","36.71007000000001"
"{'en_US': 'Andalucia'}","{'en_US': 'Málaga'}","{'en_US': 'Costa del Sol'}","{'en_US': 'Marbella'}","{'en_US': 'Cabopino'}","","29604","-4.741020000000001","36.48678000000001"
"{'en_US': 'Andalucia'}","{'en_US': 'Málaga'}","{'en_US': 'Costa del Sol'}","{'en_US': 'Marbella'}","{'en_US': 'El Rosario'}","","29604","-4.805730000000001","36.50811000000001"
"{'en_US': 'Balearic Islands'}","{'en_US': 'Mallorca'}","{'en_US': 'Mallorca'}","{'en_US': 'Selva'}","{'en_US': 'Selva'}","","7313","2.914470000000001","39.767880000000005"
"{'en_US': 'Balearic Islands'}","{'en_US': 'Mallorca'}","{'en_US': 'Mallorca'}","{'en_US': 'Palma'}","{'en_US': 'Son Roca'}","","7011","2.614580000000001","39.60203000000001"
"{'en_US': 'Valencia Community'}","{'en_US': 'Alicante'}","{'en_US': 'Comtat'}","{'en_US': 'Benimassot'}","{'en_US': 'Benimassot'}","","03812","-0.29232","38.749120000000005"
"{'en_US': 'Valencia Community'}","{'en_US': 'Alicante'}","{'en_US': 'Alto Vinalopó'}","{'en_US': 'El Camp de Mirra'}","{'en_US': 'El Camp de Mirra'}","","03469","-0.77829","38.686420000000005"
"{'en_US': 'Valencia Community'}","{'en_US': 'Alicante'}","{'en_US': 'Marina Alta'}","{'en_US': 'Murla'}","{'en_US': 'Murla'}","","03792","-0.08269","38.76012000000001"
"{'en_US': 'Andalucia'}","{'en_US': 'Málaga'}","{'en_US': 'Guadalteba'}","{'en_US': 'Cañete la Real'}","{'en_US': 'Cañete la Real'}","","29340","-5.024670000000001","36.95160000000001"
"{'en_US': 'Andalucia'}","{'en_US': 'Almería'}","{'en_US': 'Inland Almeria'}","{'en_US': 'Cantoria'}","{'en_US': 'Marchal'}","","04867","0.0","0.0"
"{'en_US': 'Valencia Community'}","{'en_US': 'Alicante'}","{'en_US': 'Costa Blanca South'}","{'en_US': 'Torrevieja'}","{'en_US': 'Mar Azul'}","","03185","-0.70377","37.95622000000001"
"{'en_US': 'Valencia Community'}","{'en_US': 'Alicante'}","{'en_US': 'Costa Blanca South'}","{'en_US': 'Torrevieja'}","{'en_US': 'Torretas Florida'}","","03184","-0.70109","37.99137000000001"
"{'en_US': 'Valencia Community'}","{'en_US': 'Alicante'}","{'en_US': 'Costa Blanca South'}","{'en_US': 'Torrevieja'}","{'en_US': 'Torrevieja'}","","03181","-0.68284","37.977540000000005"
"{'en_US': 'Andalucia'}","{'en_US': 'Málaga'}","{'en_US': 'Costa del Sol'}","{'en_US': 'Benalmádena'}","{'en_US': 'Torremuelle'}","","29631","-4.567090000000001","36.582280000000004"
"{'en_US': 'Valencia Community'}","{'en_US': 'Alicante'}","{'en_US': 'Medio Vinalopó'}","{'en_US': 'La Romana'}","{'en_US': 'La Romana'}","","03669","-0.89611","38.36784000000001"
"{'en_US': 'Andalucia'}","{'en_US': 'Granada'}","{'en_US': 'Granada Inland'}","{'en_US': 'Los Carriones'}","{'en_US': 'Castellijar'}","","18818","-2.642966400000002","37.71470110000002"
"{'en_US': 'Andalucia'}","{'en_US': 'Málaga'}","{'en_US': 'Costa del Sol'}","{'en_US': 'Marbella'}","{'en_US': 'Santa Clara'}","","29603","-4.818600000000002","36.507900000000014"
"{'en_US': 'Valencia Community'}","{'en_US': 'Alicante'}","{'en_US': 'Hoja de Alcoy'}","{'en_US': 'Onil'}","{'en_US': 'Onil'}","","03430","-0.67384","38.62957000000001"
"{'en_US': 'Valencia Community'}","{'en_US': 'Alicante'}","{'en_US': 'Hoja de Alcoy'}","{'en_US': 'Ibi'}","{'en_US': 'Ibi'}","","03440","-0.57305","38.623290000000004"
"{'en_US': 'Andalucia'}","{'en_US': 'Almería'}","{'en_US': 'Inland Almeria'}","{'en_US': 'Lubrín'}","{'en_US': 'Lubrín'}","","04271","0.0","0.0"
"{'en_US': 'Balearic Islands'}","{'en_US': 'Mallorca'}","{'en_US': 'Mallorca'}","{'en_US': 'Calvià'}","{'en_US': 'Illetes'}","","7181","2.584560000000001","39.539820000000006"
"{'en_US': 'Murcia'}","{'en_US': 'Murcia'}","{'en_US': 'Costa Cálida'}","{'en_US': 'Cartagena'}","{'en_US': 'Los Urrutias'}","","30368","-0.8299","37.68084000000001"
"{'en_US': 'Balearic Islands'}","{'en_US': 'Mallorca'}","{'en_US': 'Mallorca'}","{'en_US': 'Sa Pobla'}","{'en_US': 'Sa Pobla'}","","7420","3.02304","39.76988000000001"
"{'en_US': 'Murcia'}","{'en_US': 'Murcia'}","{'en_US': 'Vega Alta'}","{'en_US': 'Abarán'}","{'en_US': 'Abarán'}","","30550","-1.39712","38.205850000000005"
"{'en_US': 'Andalucia'}","{'en_US': 'Málaga'}","{'en_US': 'Axarquía'}","{'en_US': 'Alcaucín'}","{'en_US': 'Alcaucín'}","","29711","-4.114010000000001","36.90256000000001"
"{'en_US': 'Andalucia'}","{'en_US': 'Málaga'}","{'en_US': 'Axarquía'}","{'en_US': 'Alcaucín'}","{'en_US': 'Puente Don Manuel'}","","29712","0.0","0.0"
"{'en_US': 'Valencia Community'}","{'en_US': 'Alicante'}","{'en_US': 'La Vega Baja'}","{'en_US': 'Benejúzar'}","{'en_US': 'Benejúzar'}","","03390","-0.83921","38.07660000000001"
"{'en_US': 'Andalucia'}","{'en_US': 'Málaga'}","{'en_US': 'Guadalteba'}","{'en_US': 'Almargen'}","{'en_US': 'Almargen'}","","29330","-5.021140000000002","37.00211000000001"
"{'en_US': 'Valencia Community'}","{'en_US': 'Alicante'}","{'en_US': 'Costa Blanca South'}","{'en_US': 'Ciudad Quesada / Rojales'}","{'en_US': 'Benijófar'}","","03178","-0.73842","38.07898000000001"
"{'en_US': 'Valencia Community'}","{'en_US': 'Valencia'}","{'en_US': 'Costa de Valencia'}","{'en_US': 'Quartell'}","{'en_US': 'Quartell'}","","46510","0.0","0.0"
"{'en_US': 'Valencia Community'}","{'en_US': 'Alicante'}","{'en_US': 'Comtat'}","{'en_US': 'Millena'}","{'en_US': 'Millena'}","","03812","-0.36382","38.730570000000014"
"{'en_US': 'Valencia Community'}","{'en_US': 'Alicante'}","{'en_US': 'Marina Alta'}","{'en_US': 'Alcalalí'}","{'en_US': 'Alcalalí'}","","03728","-0.04","38.750350000000005"
"{'en_US': 'Valencia Community'}","{'en_US': 'Alicante'}","{'en_US': 'Costa Blanca North'}","{'en_US': 'La Nucia'}","{'en_US': 'La Nucia'}","","03230","-0.12573","38.61337000000001"
"{'en_US': 'Murcia'}","{'en_US': 'Murcia'}","{'en_US': 'Costa Cálida'}","{'en_US': 'Cartagena'}","{'en_US': 'El Algar'}","","30366","-0.86796","37.64806000000001"
"{'en_US': 'Balearic Islands'}","{'en_US': 'Mallorca'}","{'en_US': 'Mallorca'}","{'en_US': 'Felanitx'}","{'en_US': 'Porto Colom'}","","7670","3.256730000000001","39.415890000000005"
"{'en_US': 'Valencia Community'}","{'en_US': 'Valencia'}","{'en_US': 'Costa de Valencia'}","{'en_US': 'Valencia'}","{'en_US': 'Valencia'}","","46000","-2.025115600000001","39.44350770000001"
"{'en_US': 'Valencia Community'}","{'en_US': 'Valencia'}","{'en_US': 'Costa de Valencia'}","{'en_US': 'Torres Torres'}","{'en_US': 'Torres Torres'}","","46595","0.0","0.0"
"{'en_US': 'Valencia Community'}","{'en_US': 'Valencia'}","{'en_US': 'Costa de Valencia'}","{'en_US': 'Xeraco'}","{'en_US': 'Xeraco'}","","46770","0.0","0.0"
"{'en_US': 'Andalucia'}","{'en_US': 'Málaga'}","{'en_US': 'Antequera'}","{'en_US': 'Mollina'}","{'en_US': 'Mollina'}","","29532","-4.657890000000001","37.12587000000001"
"{'en_US': 'Andalucia'}","{'en_US': 'Málaga'}","{'en_US': 'Costa del Sol'}","{'en_US': 'Marbella'}","{'en_US': 'Puerto Banús'}","","29660","-4.954740000000001","36.48886000000001"
"{'en_US': 'Andalucia'}","{'en_US': 'Granada'}","{'en_US': 'Granada'}","{'en_US': 'Orce'}","{'en_US': 'Orce'}","","18858","-2.410291700000002","37.69765880000002"
"{'en_US': 'Andalucia'}","{'en_US': 'Almería'}","{'en_US': 'Inland Almeria'}","{'en_US': 'Sorbas'}","{'en_US': 'Gafarillos'}","","04277","0.0","0.0"
"{'en_US': 'Andalucia'}","{'en_US': 'Málaga'}","{'en_US': 'Costa del Sol'}","{'en_US': 'Marbella'}","{'en_US': 'Nueva Andalucía'}","","29660","-4.966000000000001","36.50598000000001"
"{'en_US': 'Andalucia'}","{'en_US': 'Málaga'}","{'en_US': 'Axarquía'}","{'en_US': 'Benamocarra'}","{'en_US': 'Benamocarra'}","","29719","-4.161650000000002","36.791250000000005"
"{'en_US': 'Andalucia'}","{'en_US': 'Córdoba'}","{'en_US': 'Subbética'}","{'en_US': 'Valle Medio del Guadalquivir'}","{'en_US': 'Posadas'}","","14730","-5.117330000000002","37.804350000000014"
"{'en_US': 'Andalucia'}","{'en_US': 'Málaga'}","{'en_US': 'Serranía de Ronda'}","{'en_US': 'Gaucín'}","{'en_US': 'Gaucín'}","","29480","-5.317750000000001","36.51924000000001"
"{'en_US': 'Andalucia'}","{'en_US': 'Almería'}","{'en_US': 'Inland Almeria'}","{'en_US': 'Chirivel'}","{'en_US': 'Chirivel'}","","04825","0.0","0.0"
"{'en_US': 'Andalucia'}","{'en_US': 'Almería'}","{'en_US': 'Inland Almeria'}","{'en_US': 'Alcolea'}","{'en_US': 'Alcolea'}","","04480","-2.961334200000001","36.97483600000002"
"{'en_US': 'Andalucia'}","{'en_US': 'Seville'}","{'en_US': 'Aljarafe'}","{'en_US': 'Espartinas'}","{'en_US': 'Espartinas'}","","41807","-6.138820000000001","37.382180000000005"
"{'en_US': 'Andalucia'}","{'en_US': 'Almería'}","{'en_US': 'Inland Almeria'}","{'en_US': 'Nacimiento'}","{'en_US': 'Nacimiento'}","","04540","0.0","0.0"
"{'en_US': 'Andalucia'}","{'en_US': 'Almería'}","{'en_US': 'Costa Almeria'}","{'en_US': 'Almería'}","{'en_US': 'Cabo de Gata'}","","04150","-2.242176800000002","36.78114350000002"
"{'en_US': 'Andalucia'}","{'en_US': 'Málaga'}","{'en_US': 'Serranía de Ronda'}","{'en_US': 'Algatocín'}","{'en_US': 'Algatocín'}","","29491","-5.274710000000001","36.573820000000005"
"{'en_US': 'Andalucia'}","{'en_US': 'Almería'}","{'en_US': 'Costa Almeria'}","{'en_US': 'Adra'}","{'en_US': 'Adra'}","","04770","-3.020361700000001","36.748834000000016"
"{'en_US': 'Andalucia'}","{'en_US': 'Málaga'}","{'en_US': 'Costa del Sol'}","{'en_US': 'Estepona'}","{'en_US': 'Benamara'}","","29688","-5.033890000000001","36.46441000000001"
"{'en_US': 'Andalucia'}","{'en_US': 'Málaga'}","{'en_US': 'Costa del Sol'}","{'en_US': 'Málaga'}","{'en_US': 'Centro Histórico'}","","26005","-4.429831715000004","36.720601700000024"
"{'en_US': 'Andalucia'}","{'en_US': 'Almería'}","{'en_US': 'Inland Almeria'}","{'en_US': 'Níjar'}","{'en_US': 'Agua Amarga'}","","04100","-1.3184277","38.11489070000001"
"{'en_US': 'Andalucia'}","{'en_US': 'Granada'}","{'en_US': 'Costa Tropical'}","{'en_US': 'Jete'}","{'en_US': 'Jete'}","","18699","0.0","0.0"
"{'en_US': 'Andalucia'}","{'en_US': 'Almería'}","{'en_US': 'Inland Almeria'}","{'en_US': 'Fiñana'}","{'en_US': 'Fiñana'}","","04500","0.0","0.0"
"{'en_US': 'Andalucia'}","{'en_US': 'Almería'}","{'en_US': 'Inland Almeria'}","{'en_US': 'Gérgal'}","{'en_US': 'Gérgal'}","","04550","0.0","0.0"
"{'en_US': 'Andalucia'}","{'en_US': 'Málaga'}","{'en_US': 'Costa del Sol East'}","{'en_US': 'Velez-Málaga'}","{'en_US': 'Lagos'}","","29760","-4.021300000000001","36.744800000000005"
"{'en_US': 'Andalucia'}","{'en_US': 'Granada'}","{'en_US': 'Costa Tropical'}","{'en_US': 'Polopos'}","{'en_US': 'La Guapa'}","","18750","0.0","0.0"
"{'en_US': 'Andalucia'}","{'en_US': 'Almería'}","{'en_US': 'Inland Almeria'}","{'en_US': 'Bentarique'}","{'en_US': 'Bentarique'}","","04569","0.0","0.0"
"{'en_US': 'Andalucia'}","{'en_US': 'Málaga'}","{'en_US': 'Costa del Sol'}","{'en_US': 'Estepona'}","{'en_US': 'El Paraiso'}","","29688","-5.033510000000001","36.472770000000004"
"{'en_US': 'Balearic Islands'}","{'en_US': 'Mallorca'}","{'en_US': 'Mallorca'}","{'en_US': 'Palma'}","{'en_US': 'La Indioteria'}","","7009","2.6704","39.60446000000001"
"{'en_US': 'Balearic Islands'}","{'en_US': 'Mallorca'}","{'en_US': 'Mallorca'}","{'en_US': 'Santanyí'}","{'en_US': 'Santanyí'}","","7650","3.12981","39.35553000000001"
"{'en_US': 'Murcia'}","{'en_US': 'Murcia'}","{'en_US': 'Bajo Guadalentín'}","{'en_US': 'Librilla'}","{'en_US': 'Librilla'}","","30892","-1.35487","37.88557000000001"
"{'en_US': 'Balearic Islands'}","{'en_US': 'Mallorca'}","{'en_US': 'Mallorca'}","{'en_US': 'Santanyí'}","{'en_US': 'Cala Egos'}","","7691","3.22435","39.361580000000004"
"{'en_US': 'Balearic Islands'}","{'en_US': 'Mallorca'}","{'en_US': 'Mallorca'}","{'en_US': 'Son Servera'}","{'en_US': 'Cala Bona'}","","7559","3.388310000000001","39.61397000000001"
"{'en_US': 'Andalucia'}","{'en_US': 'Granada'}","{'en_US': 'Costa Tropical'}","{'en_US': 'La Gorgoracha'}","{'en_US': 'La Gorgoracha'}","","18616","-3.504164000000002","36.78855300000002"
"{'en_US': 'Andalucia'}","{'en_US': 'Málaga'}","{'en_US': 'Costa del Sol'}","{'en_US': 'Benalmádena'}","{'en_US': 'Higuerón'}","","29640","-4.598050000000001","36.58079000000001"
"{'en_US': 'Andalucia'}","{'en_US': 'Málaga'}","{'en_US': 'Axarquía'}","{'en_US': 'Alfarnate'}","{'en_US': 'Alfarnate'}","","29194","-4.260410000000001","36.994260000000004"
"{'en_US': 'Balearic Islands'}","{'en_US': 'Ibiza'}","{'en_US': 'Ibiza'}","{'en_US': 'Formentera'}","{'en_US': 'Formentera'}","","07860","1.45313","38.69642000000001"
"{'en_US': 'Balearic Islands'}","{'en_US': 'Ibiza'}","{'en_US': 'Ibiza'}","{'en_US': 'Sant Antoni de Portmany'}","{'en_US': 'Sant Antoni de Portmany'}","","07820","1.30151","38.982490000000006"
"{'en_US': 'Andalucia'}","{'en_US': 'Málaga'}","{'en_US': 'Costa del Sol'}","{'en_US': 'Benalmádena'}","{'en_US': 'Benalmadena Costa'}","","29630","-4.525380000000001","36.59312000000001"
"{'en_US': 'Andalucia'}","{'en_US': 'Almería'}","{'en_US': 'Inland Almeria'}","{'en_US': 'Zurgena'}","{'en_US': 'Zurgena'}","","04650","0.0","0.0"
"{'en_US': 'Andalucia'}","{'en_US': 'Málaga'}","{'en_US': 'Costa del Sol'}","{'en_US': 'Málaga'}","{'en_US': 'Pacifico'}","","29004","-4.438570000000001","36.69639000000001"
"{'en_US': 'Andalucia'}","{'en_US': 'Almería'}","{'en_US': 'Costa Almeria'}","{'en_US': 'Almería'}","{'en_US': 'Loma Cabrera'}","","04120","0.0","0.0"
"{'en_US': 'Andalucia'}","{'en_US': 'Málaga'}","{'en_US': 'Costa del Sol'}","{'en_US': 'Marbella'}","{'en_US': 'Artola'}","","29604","-4.748400000000001","36.489200000000004"
"{'en_US': 'Andalucia'}","{'en_US': 'Málaga'}","{'en_US': 'Serranía de Ronda'}","{'en_US': 'Benarrabá'}","{'en_US': 'Benarrabá'}","","29490","-5.275680000000001","36.550830000000005"
"{'en_US': 'Andalucia'}","{'en_US': 'Almería'}","{'en_US': 'Costa Almeria'}","{'en_US': 'Adra'}","{'en_US': 'La Parra'}","","04770","0.0","0.0"
"{'en_US': 'Andalucia'}","{'en_US': 'Málaga'}","{'en_US': 'Costa del Sol'}","{'en_US': 'Marbella'}","{'en_US': 'The Golden Mile'}","","29602","-4.914100000000001","36.508700000000005"
"{'en_US': 'Andalucia'}","{'en_US': 'Almería'}","{'en_US': 'Inland Almeria'}","{'en_US': 'Santa Fe de Mondújar'}","{'en_US': 'Santa Fe de Mondújar'}","","04420","0.0","0.0"
"{'en_US': 'Andalucia'}","{'en_US': 'Almería'}","{'en_US': 'Costa Almeria'}","{'en_US': 'Roquetas de Mar'}","{'en_US': 'El Campillo del Moro'}","","04720","0.0","0.0"
"{'en_US': 'Valencia Community'}","{'en_US': 'Alicante'}","{'en_US': 'Costa Blanca South'}","{'en_US': 'Torrevieja'}","{'en_US': 'Playa de Los Náufragos'}","","03180","0.0","0.0"
"{'en_US': 'Andalucia'}","{'en_US': 'Almería'}","{'en_US': 'Inland Almeria'}","{'en_US': 'Felix'}","{'en_US': 'Felix'}","","04728","0.0","0.0"
"{'en_US': 'Andalucia'}","{'en_US': 'Almería'}","{'en_US': 'Inland Almeria'}","{'en_US': 'Vícar'}","{'en_US': 'Barrio de Archilla'}","","04738","-2.609144800000002","36.79765390000002"
"{'en_US': 'Andalucia'}","{'en_US': 'Almería'}","{'en_US': 'Inland Almeria'}","{'en_US': 'Olula del Río'}","{'en_US': 'Olula del Río'}","","04860","0.0","0.0"
"{'en_US': 'Andalucia'}","{'en_US': 'Málaga'}","{'en_US': 'Serranía de Ronda'}","{'en_US': 'Pujerra'}","{'en_US': 'Pujerra'}","","29450","-5.149330000000002","36.612880000000004"
"{'en_US': 'Andalucia'}","{'en_US': 'Almería'}","{'en_US': 'Inland Almeria'}","{'en_US': 'Benahadux'}","{'en_US': 'Benahadux'}","","04410","-2.460209","36.92515330000001"
"{'en_US': 'Andalucia'}","{'en_US': 'Almería'}","{'en_US': 'Inland Almeria'}","{'en_US': 'Níjar'}","{'en_US': 'Los Tristanes'}","","04100","0.0","0.0"
"{'en_US': 'Balearic Islands'}","{'en_US': 'Ibiza'}","{'en_US': 'Ibiza'}","{'en_US': 'Sant Joan de Labritja'}","{'en_US': 'Sant Vicent de sa Cala'}","","07811","1.56021","39.07914000000001"
"{'en_US': 'Andalucia'}","{'en_US': 'Almería'}","{'en_US': 'Inland Almeria'}","{'en_US': 'Huércal-Overa'}","{'en_US': 'Huércal-Overa'}","","04600","0.0","0.0"
"{'en_US': 'Andalucia'}","{'en_US': 'Almería'}","{'en_US': 'Inland Almeria'}","{'en_US': 'Vélez-Rubio'}","{'en_US': 'Vélez-Rubio'}","","04820","0.0","0.0"
"{'en_US': 'Andalucia'}","{'en_US': 'Almería'}","{'en_US': 'Inland Almeria'}","{'en_US': 'Padules'}","{'en_US': 'Padules'}","","04458","0.0","0.0"
"{'en_US': 'Andalucia'}","{'en_US': 'Málaga'}","{'en_US': 'Costa del Sol'}","{'en_US': 'Marbella'}","{'en_US': 'Costabella'}","","29604","-4.806990000000002","36.498960000000004"
"{'en_US': 'Andalucia'}","{'en_US': 'Granada'}","{'en_US': 'Comarca de Baza'}","{'en_US': 'Freila'}","{'en_US': 'Freila'}","","18812","-2.912922616","37.52832520000001"
"{'en_US': 'Andalucia'}","{'en_US': 'Málaga'}","{'en_US': 'Costa del Sol'}","{'en_US': 'Mijas'}","{'en_US': 'Campo Mijas'}","","29649","-4.730000000000001","36.93650000000001"
"{'en_US': 'Andalucia'}","{'en_US': 'Almería'}","{'en_US': 'Costa Almeria'}","{'en_US': 'Almería'}","{'en_US': 'Mazarrulleque'}","","04151","0.0","0.0"
"{'en_US': 'Andalucia'}","{'en_US': 'Almería'}","{'en_US': 'Inland Almeria'}","{'en_US': 'El Ejido'}","{'en_US': 'Guardias Viejas'}","","04715","0.0","0.0"
"{'en_US': 'Andalucia'}","{'en_US': 'Málaga'}","{'en_US': 'Serranía de Ronda'}","{'en_US': 'Cortes de la Frontera'}","{'en_US': 'Cortes de la Frontera'}","","29380","-5.342670000000002","36.61708000000001"
"{'en_US': 'Andalucia'}","{'en_US': 'Almería'}","{'en_US': 'Costa Almeria'}","{'en_US': 'Almería'}","{'en_US': 'La Garrofa'}","","04002","0.0","0.0"
"{'en_US': 'Andalucia'}","{'en_US': 'Málaga'}","{'en_US': 'Costa del Sol'}","{'en_US': 'Torremolinos'}","{'en_US': 'Bajondillo'}","","29620","-4.496180000000002","36.62299000000001"
"{'en_US': 'Andalucia'}","{'en_US': 'Cadiz'}","{'en_US': 'Costa de la Luz'}","{'en_US': 'San Roque'}","{'en_US': 'San Martín de Tesorillo'}","","11340","-5.322000000000002","36.34120000000001"
"{'en_US': 'Balearic Islands'}","{'en_US': 'Ibiza'}","{'en_US': 'Ibiza'}","{'en_US': 'Sant Antoni de Portmany'}","{'en_US': 'Buscastell'}","","07820","1.36249","39.021310000000014"
"{'en_US': 'Andalucia'}","{'en_US': 'Málaga'}","{'en_US': 'Costa del Sol'}","{'en_US': 'Estepona'}","{'en_US': 'Cancelada'}","","29688","-5.043710000000002","36.46217000000001"
"{'en_US': 'Andalucia'}","{'en_US': 'Almería'}","{'en_US': 'Inland Almeria'}","{'en_US': 'Pechina'}","{'en_US': 'Pechina'}","","04250","0.0","0.0"
"{'en_US': 'Andalucia'}","{'en_US': 'Granada'}","{'en_US': 'Costa Tropical'}","{'en_US': 'Vélez de Benaudalla'}","{'en_US': 'Vélez de Benaudalla'}","","18670","-3.655140000000001","36.833800000000004"
"{'en_US': 'Andalucia'}","{'en_US': 'Cadiz'}","{'en_US': 'Sierra de Cádiz'}","{'en_US': 'Benalup-Casas Viejas'}","{'en_US': 'Benalup-Casas Viejas'}","","11190","-5.827821150000003","36.34268070000002"
"{'en_US': 'Andalucia'}","{'en_US': 'Málaga'}","{'en_US': 'Costa del Sol'}","{'en_US': 'Fuengirola'}","{'en_US': 'Carvajal'}","","29640","-4.597060000000002","36.566700000000004"
"{'en_US': 'Andalucia'}","{'en_US': 'Almería'}","{'en_US': 'Costa Almeria'}","{'en_US': 'Roquetas de Mar'}","{'en_US': 'Cortijos de Marín'}","","04741","0.0","0.0"
"{'en_US': 'Andalucia'}","{'en_US': 'Málaga'}","{'en_US': 'Costa del Sol'}","{'en_US': 'Estepona'}","{'en_US': 'El Presidente'}","","29680","-5.021440000000001","36.46506000000001"
"{'en_US': 'Andalucia'}","{'en_US': 'Almería'}","{'en_US': 'Costa Almeria'}","{'en_US': 'Almería'}","{'en_US': 'El Mamí'}","","04120","0.0","0.0"
"{'en_US': 'Andalucia'}","{'en_US': 'Almería'}","{'en_US': 'Inland Almeria'}","{'en_US': 'Níjar'}","{'en_US': 'La Isleta del Moro'}","","04118","0.0","0.0"
"{'en_US': 'Balearic Islands'}","{'en_US': 'Ibiza'}","{'en_US': 'Ibiza'}","{'en_US': 'Sant Joan de Labritja'}","{'en_US': 'Cala de Sant Vicent'}","","07810","1.59028","39.07397000000001"
"{'en_US': 'Balearic Islands'}","{'en_US': 'Ibiza'}","{'en_US': 'Ibiza'}","{'en_US': 'Sant Joan de Labritja'}","{'en_US': 'Sant Miquel de Balansat'}","","07815","1.439","39.055620000000005"
"{'en_US': 'Balearic Islands'}","{'en_US': 'Ibiza'}","{'en_US': 'Ibiza'}","{'en_US': 'Santa Eulària des Riu'}","{'en_US': 'Sant Carles de Peralta'}","","07850","1.56213","39.03260000000001"
"{'en_US': 'Andalucia'}","{'en_US': 'Cadiz'}","{'en_US': 'Costa de la Luz'}","{'en_US': 'Barbate'}","{'en_US': 'Zahara de los Atunes'}","","11393","-5.847382517000002","36.13445780000002"
"{'en_US': 'Andalucia'}","{'en_US': 'Almería'}","{'en_US': 'Inland Almeria'}","{'en_US': 'Arboleas'}","{'en_US': 'La Perla'}","","04660","0.0","0.0"
"{'en_US': 'Andalucia'}","{'en_US': 'Almería'}","{'en_US': 'Inland Almeria'}","{'en_US': 'Berja'}","{'en_US': 'Dalías'}","","04750","0.0","0.0"
"{'en_US': 'Andalucia'}","{'en_US': 'Almería'}","{'en_US': 'Inland Almeria'}","{'en_US': 'Albox'}","{'en_US': 'Las Labores'}","","04691","0.0","0.0"
"{'en_US': 'Andalucia'}","{'en_US': 'Granada'}","{'en_US': 'Vega de Granada'}","{'en_US': 'Santa Fe'}","{'en_US': 'Santa Fe'}","","18320","-3.734485150000002","37.188948500000016"
"{'en_US': 'Andalucia'}","{'en_US': 'Málaga'}","{'en_US': 'Nororma'}","{'en_US': 'Cuevas de San Marcos'}","{'en_US': 'Cuevas de San Marcos'}","","29210","-4.414140000000002","37.26798000000001"
"{'en_US': 'Andalucia'}","{'en_US': 'Almería'}","{'en_US': 'Inland Almeria'}","{'en_US': 'Arboleas'}","{'en_US': 'El Chopo'}","","04660","0.0","0.0"
"{'en_US': 'Andalucia'}","{'en_US': 'Almería'}","{'en_US': 'Inland Almeria'}","{'en_US': 'Tabernas'}","{'en_US': 'Tabernas'}","","04200","0.0","0.0"
"{'en_US': 'Andalucia'}","{'en_US': 'Málaga'}","{'en_US': 'Costa del Sol'}","{'en_US': 'Marbella'}","{'en_US': 'Cortijo Blanco'}","","29670","-4.155470000000001","36.93587000000001"
"{'en_US': 'Andalucia'}","{'en_US': 'Granada'}","{'en_US': 'Valle de Lecrín'}","{'en_US': 'El Valle'}","{'en_US': 'Restábal'}","","18658","-3.586729217000002","36.92902360000002"
"{'en_US': 'Andalucia'}","{'en_US': 'Málaga'}","{'en_US': 'Valle del Guadalhorce'}","{'en_US': 'Valle de Abdalajís'}","{'en_US': 'Valle de Abdalajís'}","","29240","-4.682610000000001","36.93117000000001"
"{'en_US': 'Andalucia'}","{'en_US': 'Málaga'}","{'en_US': 'Serranía de Ronda'}","{'en_US': 'Montejaque'}","{'en_US': 'Montejaque'}","","29360","-5.251470000000001","36.73387000000001"
"{'en_US': 'Andalucia'}","{'en_US': 'Almería'}","{'en_US': 'Inland Almeria'}","{'en_US': 'Arboleas'}","{'en_US': 'Los Llanos de Arboleas'}","","04660","0.0","0.0"
"{'en_US': 'Andalucia'}","{'en_US': 'Almería'}","{'en_US': 'Inland Almeria'}","{'en_US': 'Arboleas'}","{'en_US': 'Los Blesas'}","","04660","0.0","0.0"
"{'en_US': 'Andalucia'}","{'en_US': 'Almería'}","{'en_US': 'Inland Almeria'}","{'en_US': 'Arboleas'}","{'en_US': 'Los Peraltas'}","","04660","0.0","0.0"
"{'en_US': 'Andalucia'}","{'en_US': 'Málaga'}","{'en_US': 'Costa del Sol'}","{'en_US': 'Marbella'}","{'en_US': 'Puerto de Cabopino'}","","29604","-4.740100000000002","36.484300000000005"
"{'en_US': 'Andalucia'}","{'en_US': 'Málaga'}","{'en_US': 'Costa del Sol'}","{'en_US': 'Benahavís'}","{'en_US': 'La Zagaleta'}","","29678","-5.018570000000001","36.53945000000001"
"{'en_US': 'Andalucia'}","{'en_US': 'Málaga'}","{'en_US': 'Costa del Sol'}","{'en_US': 'Benahavís'}","{'en_US': 'Los Almendros'}","","29670","-5.043150000000001","36.510110000000005"
"{'en_US': 'Andalucia'}","{'en_US': 'Almería'}","{'en_US': 'Costa Almeria'}","{'en_US': 'Almería'}","{'en_US': 'Cuevas de los Medinas'}","","04160","0.0","0.0"
"{'en_US': 'Andalucia'}","{'en_US': 'Málaga'}","{'en_US': 'Costa del Sol'}","{'en_US': 'Mijas'}","{'en_US': 'La Cala'}","","29649","-4.681900000000001","36.502300000000005"
"{'en_US': 'Andalucia'}","{'en_US': 'Almería'}","{'en_US': 'Inland Almeria'}","{'en_US': 'Alhabia'}","{'en_US': 'Alhabia'}","","04567","0.0","0.0"
"{'en_US': 'Andalucia'}","{'en_US': 'Cadiz'}","{'en_US': 'Costa de la Luz'}","{'en_US': 'San Roque'}","{'en_US': 'La Alcaidesa'}","","11360","-5.354360000000001","36.25654000000001"
"{'en_US': 'Andalucia'}","{'en_US': 'Almería'}","{'en_US': 'Costa Almeria'}","{'en_US': 'Adra'}","{'en_US': 'El Corral'}","","04770","0.0","0.0"
"{'en_US': 'Andalucia'}","{'en_US': 'Almería'}","{'en_US': 'Inland Almeria'}","{'en_US': 'Turre'}","{'en_US': 'Turre'}","","04639","0.0","0.0"
"{'en_US': 'Andalucia'}","{'en_US': 'Málaga'}","{'en_US': 'Costa del Sol'}","{'en_US': 'Marbella'}","{'en_US': 'San Pedro de Alcántara'}","","29670","-4.990530000000001","36.48664000000001"
"{'en_US': 'Balearic Islands'}","{'en_US': 'Ibiza'}","{'en_US': 'Ibiza'}","{'en_US': 'Sant Josep de sa Talaia'}","{'en_US': ""Sant Francesc de s'Estany""}","","07818","1.39342","38.86858000000001"
"{'en_US': 'Andalucia'}","{'en_US': 'Cadiz'}","{'en_US': 'Costa de la Luz'}","{'en_US': 'Cádiz'}","{'en_US': 'Luque'}","","","0.0","0.0"
"{'en_US': 'Andalucia'}","{'en_US': 'Cadiz'}","{'en_US': 'Campo de Gibraltar'}","{'en_US': 'Jimena de la Frontera'}","{'en_US': 'San Pablo de Buceite'}","","11320","-5.499072120000003","36.46604650000001"
"{'en_US': 'Andalucia'}","{'en_US': 'Málaga'}","{'en_US': 'Costa del Sol'}","{'en_US': 'Benahavís'}","{'en_US': 'La Reserva De Alcuzcuz'}","","29679","-5.013850000000001","36.524730000000005"
"{'en_US': 'Andalucia'}","{'en_US': 'Cadiz'}","{'en_US': 'Costa de la Luz'}","{'en_US': 'Cádiz'}","{'en_US': 'Cádiz'}","","11000","-6.323666900000003","36.51637930000001"
"{'en_US': 'Andalucia'}","{'en_US': 'Almería'}","{'en_US': 'Costa Almeria'}","{'en_US': 'Adra'}","{'en_US': 'El Patio'}","","04770","0.0","0.0"
"{'en_US': 'Andalucia'}","{'en_US': 'Almería'}","{'en_US': 'Costa Almeria'}","{'en_US': 'Adra'}","{'en_US': 'Los Pérez'}","","04770","0.0","0.0"
"{'en_US': 'Andalucia'}","{'en_US': 'Almería'}","{'en_US': 'Costa Almeria'}","{'en_US': 'Adra'}","{'en_US': 'Puente del Río'}","","04779","0.0","0.0"
"{'en_US': 'Andalucia'}","{'en_US': 'Almería'}","{'en_US': 'Costa Almeria'}","{'en_US': 'Adra'}","{'en_US': 'Venta Nueva'}","","04779","0.0","0.0"
"{'en_US': 'Andalucia'}","{'en_US': 'Almería'}","{'en_US': 'Inland Almeria'}","{'en_US': 'El Ejido'}","{'en_US': 'Balanegra'}","","04713","0.0","0.0"
"{'en_US': 'Andalucia'}","{'en_US': 'Málaga'}","{'en_US': 'Costa del Sol'}","{'en_US': 'Mijas'}","{'en_US': 'Riviera del Sol'}","","29649","-4.706970000000001","36.490820000000014"
"{'en_US': 'Andalucia'}","{'en_US': 'Almería'}","{'en_US': 'Inland Almeria'}","{'en_US': 'Alcudia de Monteagud'}","{'en_US': 'Alcudia de Monteagud'}","","04276","-2.266268042538267","37.23603755000002"
"{'en_US': 'Andalucia'}","{'en_US': 'Almería'}","{'en_US': 'Inland Almeria'}","{'en_US': 'Benizalón'}","{'en_US': 'Benizalón'}","","04276","0.0","0.0"
"{'en_US': 'Andalucia'}","{'en_US': 'Málaga'}","{'en_US': 'Axarquía'}","{'en_US': 'Salares'}","{'en_US': 'Salares'}","","29714","-4.024160000000001","36.854420000000005"
"{'en_US': 'Andalucia'}","{'en_US': 'Huelva'}","{'en_US': 'Costa Occidental de Huelva'}","{'en_US': 'Ayamonte'}","{'en_US': 'Isla Canela'}","","21400","-7.955040000000003","37.19587000000001"
"{'en_US': 'Andalucia'}","{'en_US': 'Málaga'}","{'en_US': 'Costa del Sol'}","{'en_US': 'Benahavís'}","{'en_US': 'Benahavís'}","","29679","-5.044110000000001","36.52227000000001"
"{'en_US': 'Andalucia'}","{'en_US': 'Málaga'}","{'en_US': 'Costa del Sol'}","{'en_US': 'Benalmádena'}","{'en_US': 'Benalmadena Pueblo'}","","29639","-4.614750000000002","36.55549000000001"
"{'en_US': 'Andalucia'}","{'en_US': 'Almería'}","{'en_US': 'Inland Almeria'}","{'en_US': 'Lucainena de las Torres'}","{'en_US': 'Lucainena de las Torres'}","","04210","0.0","0.0"
"{'en_US': 'Andalucia'}","{'en_US': 'Almería'}","{'en_US': 'Inland Almeria'}","{'en_US': 'Berja'}","{'en_US': 'Benínar'}","","04769","0.0","0.0"
"{'en_US': 'Andalucia'}","{'en_US': 'Granada'}","{'en_US': 'Costa Tropical'}","{'en_US': 'Gualchos'}","{'en_US': 'Castell de Ferro'}","","18740","0.0","0.0"
"{'en_US': 'Andalucia'}","{'en_US': 'Málaga'}","{'en_US': 'Costa del Sol'}","{'en_US': 'Casares'}","{'en_US': 'Casares Playa'}","","29690","-4.678410000000001","36.50425000000001"
"{'en_US': 'Andalucia'}","{'en_US': 'Málaga'}","{'en_US': 'Costa del Sol'}","{'en_US': 'Estepona'}","{'en_US': 'Atalaya'}","","29688","-5.016860000000001","36.47224000000001"
"{'en_US': 'Andalucia'}","{'en_US': 'Málaga'}","{'en_US': 'Costa del Sol'}","{'en_US': 'Estepona'}","{'en_US': 'Costalita'}","","29680","-5.045510000000001","36.45949000000001"
"{'en_US': 'Andalucia'}","{'en_US': 'Málaga'}","{'en_US': 'Costa del Sol'}","{'en_US': 'Torremolinos'}","{'en_US': 'La Carihuela'}","","29620","-4.501170000000001","36.61388000000001"
"{'en_US': 'Andalucia'}","{'en_US': 'Málaga'}","{'en_US': 'Costa del Sol'}","{'en_US': 'Málaga'}","{'en_US': 'Bailén-Miraflores'}","","29010","-4.445960000000001","36.72856000000001"
"{'en_US': 'Andalucia'}","{'en_US': 'Almería'}","{'en_US': 'Inland Almeria'}","{'en_US': 'Níjar'}","{'en_US': 'Atochares'}","","04113","-2.161218","36.88109930000002"
"{'en_US': 'Andalucia'}","{'en_US': 'Almería'}","{'en_US': 'Inland Almeria'}","{'en_US': 'Níjar'}","{'en_US': 'Campohermoso'}","","04110","0.0","0.0"
"{'en_US': 'Andalucia'}","{'en_US': 'Málaga'}","{'en_US': 'Costa del Sol'}","{'en_US': 'Casares'}","{'en_US': 'Casares Pueblo'}","","29690","-5.269230000000001","36.442150000000005"
"{'en_US': 'Balearic Islands'}","{'en_US': 'Ibiza'}","{'en_US': 'Ibiza'}","{'en_US': 'Formentera'}","{'en_US': 'Sant Ferran de ses Roques'}","","07871","1.45452","38.70750000000001"
"{'en_US': 'Andalucia'}","{'en_US': 'Málaga'}","{'en_US': 'Serranía de Ronda'}","{'en_US': 'Benadalid'}","{'en_US': 'Benadalid'}","","29493","-5.269050000000002","36.60627000000001"
"{'en_US': 'Balearic Islands'}","{'en_US': 'Ibiza'}","{'en_US': 'Ibiza'}","{'en_US': 'Formentera'}","{'en_US': 'La Savina'}","","07870","1.41645","38.73200000000001"
"{'en_US': 'Balearic Islands'}","{'en_US': 'Mallorca'}","{'en_US': 'Mallorca'}","{'en_US': 'Alcúdia'}","{'en_US': ""Port d'Alcudia""}","","7400","3.132890000000001","39.843720000000005"
"{'en_US': 'Andalucia'}","{'en_US': 'Málaga'}","{'en_US': 'Costa del Sol East'}","{'en_US': 'Velez-Málaga'}","{'en_US': 'Caleta de Vélez'}","","29751","-4.061520000000002","36.74857000000001"
"{'en_US': 'Andalucia'}","{'en_US': 'Almería'}","{'en_US': 'Inland Almeria'}","{'en_US': 'Huércal de Almería'}","{'en_US': 'Huércal de Almería'}","","04230","0.0","0.0"
"{'en_US': 'Andalucia'}","{'en_US': 'Almería'}","{'en_US': 'Costa Almeria'}","{'en_US': 'Adra'}","{'en_US': 'Gurrias'}","","04770","0.0","0.0"
"{'en_US': 'Andalucia'}","{'en_US': 'Granada'}","{'en_US': 'Valle de Lecrín'}","{'en_US': 'El Pinar'}","{'en_US': 'Pinos del Valle'}","","18658","-3.589190000000001","36.91115000000001"
"{'en_US': 'Andalucia'}","{'en_US': 'Almería'}","{'en_US': 'Inland Almeria'}","{'en_US': 'Bayárcal'}","{'en_US': 'Bayárcal'}","","04479","0.0","0.0"
"{'en_US': 'Andalucia'}","{'en_US': 'Málaga'}","{'en_US': 'Costa del Sol'}","{'en_US': 'Torremolinos'}","{'en_US': 'Playamar'}","","29620","-4.516000000000002","36.62660000000001"
"{'en_US': 'Andalucia'}","{'en_US': 'Málaga'}","{'en_US': 'Costa del Sol'}","{'en_US': 'Benalmádena'}","{'en_US': 'La Leala'}","","29631","-4.526540000000001","36.60869000000001"
"{'en_US': 'Andalucia'}","{'en_US': 'Málaga'}","{'en_US': 'Serranía de Ronda'}","{'en_US': 'Faraján'}","{'en_US': 'Faraján'}","","29461","-5.188220000000001","36.616220000000006"
"{'en_US': 'Andalucia'}","{'en_US': 'Málaga'}","{'en_US': 'Nororma'}","{'en_US': 'Villanueva del Rosario'}","{'en_US': 'Villanueva del Rosario'}","","29312","-4.366050000000001","36.99860000000001"
"{'en_US': 'Andalucia'}","{'en_US': 'Málaga'}","{'en_US': 'Costa del Sol East'}","{'en_US': 'Torrox'}","{'en_US': 'Torrox'}","","29793","-3.952370000000001","36.760740000000006"
"{'en_US': 'Andalucia'}","{'en_US': 'Málaga'}","{'en_US': 'Costa del Sol East'}","{'en_US': 'Torrox'}","{'en_US': 'Torrox Costa'}","","29770","-3.965050000000002","36.73073000000001"
"{'en_US': 'Andalucia'}","{'en_US': 'Málaga'}","{'en_US': 'Costa del Sol East'}","{'en_US': 'Velez-Málaga'}","{'en_US': 'Triana'}","","29718","-4.166230000000001","36.81882000000001"
"{'en_US': 'Andalucia'}","{'en_US': 'Almería'}","{'en_US': 'Costa Almeria'}","{'en_US': 'Roquetas de Mar'}","{'en_US': 'Urbanización de Roquetas'}","","04740","0.0","0.0"
"{'en_US': 'Andalucia'}","{'en_US': 'Almería'}","{'en_US': 'Costa Almeria'}","{'en_US': 'Almería'}","{'en_US': 'Almería'}","","04009","-2.462813500000002","36.84141970000002"
"{'en_US': 'Andalucia'}","{'en_US': 'Almería'}","{'en_US': 'Costa Almeria'}","{'en_US': 'Almería'}","{'en_US': 'El Bobar'}","","04120","0.0","0.0"
"{'en_US': 'Valencia Community'}","{'en_US': 'Alicante'}","{'en_US': 'Costa Blanca South'}","{'en_US': 'Villamartín'}","{'en_US': 'Los Dolses'}","","03189","-0.75429","37.931940000000004"
"{'en_US': 'Balearic Islands'}","{'en_US': 'Mallorca'}","{'en_US': 'Mallorca'}","{'en_US': 'Lloret de Vistalegre'}","{'en_US': 'Lloret de Vistalegre'}","","7518","2.974410000000001","39.61820000000001"
"{'en_US': 'Balearic Islands'}","{'en_US': 'Mallorca'}","{'en_US': 'Mallorca'}","{'en_US': 'Valldemossa'}","{'en_US': 'Valldemossa'}","","7170","2.622580000000001","39.71166000000001"
"{'en_US': 'Balearic Islands'}","{'en_US': 'Mallorca'}","{'en_US': 'Mallorca'}","{'en_US': 'Villafranca de Bonany'}","{'en_US': 'Villafranca de Bonany'}","","7250","3.088410000000001","39.56938000000001"
"{'en_US': 'Balearic Islands'}","{'en_US': 'Mallorca'}","{'en_US': 'Mallorca'}","{'en_US': 'Andratx'}","{'en_US': ""S'Arracó""}","","7159","2.394860000000001","39.578820000000015"
"{'en_US': 'Andalucia'}","{'en_US': 'Granada'}","{'en_US': 'Comarca de Loja'}","{'en_US': 'Loja'}","{'en_US': 'Riofrío'}","","18313","-4.209611617000002","37.15303280000001"
"{'en_US': 'Andalucia'}","{'en_US': 'Málaga'}","{'en_US': 'Costa del Sol'}","{'en_US': 'Marbella'}","{'en_US': 'Altos de los Monteros'}","","29603","-4.857200000000001","36.516200000000005"
"{'en_US': 'Andalucia'}","{'en_US': 'Granada'}","{'en_US': 'Costa Tropical'}","{'en_US': 'Motril'}","{'en_US': 'Carchuna'}","","18730","0.0","0.0"
"{'en_US': 'Andalucia'}","{'en_US': 'Málaga'}","{'en_US': 'Costa del Sol'}","{'en_US': 'Estepona'}","{'en_US': 'Hacienda del Sol'}","","29680","-5.018500000000001","36.466570000000004"
"{'en_US': 'Balearic Islands'}","{'en_US': 'Mallorca'}","{'en_US': 'Mallorca'}","{'en_US': 'Andratx'}","{'en_US': 'Sant Elm'}","","7159","2.349460000000001","39.582420000000006"
"{'en_US': 'Valencia Community'}","{'en_US': 'Alicante'}","{'en_US': 'Costa Blanca South'}","{'en_US': 'Orihuela Costa'}","{'en_US': 'Los Altos'}","","03185","-0.7244","37.95470000000001"
"{'en_US': 'Valencia Community'}","{'en_US': 'Alicante'}","{'en_US': 'Costa Blanca South'}","{'en_US': 'Orihuela Costa'}","{'en_US': 'Campoamor Golf'}","","03189","-0.78152617","37.928292400000004"
"{'en_US': 'Balearic Islands'}","{'en_US': 'Mallorca'}","{'en_US': 'Mallorca'}","{'en_US': 'Pollença'}","{'en_US': 'Son Rotger'}","","7400","3.05896","39.836470000000006"
"{'en_US': 'Balearic Islands'}","{'en_US': 'Mallorca'}","{'en_US': 'Mallorca'}","{'en_US': 'Consell'}","{'en_US': 'Consell'}","","7330","2.81106","39.669200000000004"
"{'en_US': 'Andalucia'}","{'en_US': 'Málaga'}","{'en_US': 'Costa del Sol East'}","{'en_US': 'Velez-Málaga'}","{'en_US': 'Benajarafe'}","","29790","-4.195460000000002","36.71813000000001"
"{'en_US': 'Andalucia'}","{'en_US': 'Málaga'}","{'en_US': 'Costa del Sol East'}","{'en_US': 'Velez-Málaga'}","{'en_US': 'Cajiz'}","","29792","-4.185740000000001","36.758680000000005"
"{'en_US': 'Andalucia'}","{'en_US': 'Málaga'}","{'en_US': 'Costa del Sol East'}","{'en_US': 'Velez-Málaga'}","{'en_US': 'Mezquitilla'}","","29760","-5.120920000000002","37.065740000000005"
"{'en_US': 'Andalucia'}","{'en_US': 'Málaga'}","{'en_US': 'Costa del Sol East'}","{'en_US': 'Velez-Málaga'}","{'en_US': 'Nerja'}","","29780","-3.879020000000001","36.746860000000005"
"{'en_US': 'Andalucia'}","{'en_US': 'Málaga'}","{'en_US': 'Costa del Sol East'}","{'en_US': 'Velez-Málaga'}","{'en_US': 'Torre del Mar'}","","29740","-4.094610000000001","36.741380000000014"
"{'en_US': 'Andalucia'}","{'en_US': 'Almería'}","{'en_US': 'Inland Almeria'}","{'en_US': 'El Ejido'}","{'en_US': 'Tarambana'}","","04712","0.0","0.0"
"{'en_US': 'Andalucia'}","{'en_US': 'Almería'}","{'en_US': 'Costa Almeria'}","{'en_US': 'Roquetas de Mar'}","{'en_US': 'El Parador de las Hortichuelas'}","","04720","0.0","0.0"
"{'en_US': 'Balearic Islands'}","{'en_US': 'Mallorca'}","{'en_US': 'Mallorca'}","{'en_US': 'Llucmajor'}","{'en_US': 'Cala Blava'}","","7609","2.736670000000001","39.484420000000014"
"{'en_US': 'Balearic Islands'}","{'en_US': 'Mallorca'}","{'en_US': 'Mallorca'}","{'en_US': 'Llucmajor'}","{'en_US': 'Cala Pi'}","","7639","2.83931","39.36422000000001"
"{'en_US': 'Andalucia'}","{'en_US': 'Granada'}","{'en_US': 'Costa Tropical'}","{'en_US': 'Albuñol'}","{'en_US': 'Albuñol'}","","18700","0.0","0.0"
"{'en_US': 'Balearic Islands'}","{'en_US': 'Ibiza'}","{'en_US': 'Ibiza'}","{'en_US': 'Sant Josep de sa Talaia'}","{'en_US': 'Sant Josep de sa Talaia'}","","07830","1.29352","38.92197000000001"
"{'en_US': 'Andalucia'}","{'en_US': 'Almería'}","{'en_US': 'Costa Almeria'}","{'en_US': 'Almería'}","{'en_US': 'El Alquián'}","","04130","0.0","0.0"
"{'en_US': 'Andalucia'}","{'en_US': 'Cadiz'}","{'en_US': 'Costa de la Luz'}","{'en_US': 'San Roque'}","{'en_US': 'Guadiaro'}","","11311","-5.301880000000001","36.30032000000001"
"{'en_US': 'Andalucia'}","{'en_US': 'Cadiz'}","{'en_US': 'Costa de la Luz'}","{'en_US': 'San Roque'}","{'en_US': 'Los Barrios'}","","11370","-5.493370000000001","36.185350000000014"
"{'en_US': 'Murcia'}","{'en_US': 'Murcia'}","{'en_US': 'Costa Cálida'}","{'en_US': 'San Javier'}","{'en_US': 'El Valle Golf Resort'}","","30155","0.0","0.0"
"{'en_US': 'Valencia Community'}","{'en_US': 'Alicante'}","{'en_US': 'Costa Blanca South'}","{'en_US': 'Gran Alacant'}","{'en_US': 'Elche'}","","03201","-0.69885","38.26532000000001"
"{'en_US': 'Balearic Islands'}","{'en_US': 'Ibiza'}","{'en_US': 'Ibiza'}","{'en_US': 'Sant Antoni de Portmany'}","{'en_US': 'Sant Rafel de sa Creu'}","","07816","1.39761","38.96248000000001"
"{'en_US': 'Balearic Islands'}","{'en_US': 'Ibiza'}","{'en_US': 'Ibiza'}","{'en_US': 'Formentera'}","{'en_US': 'El Pilar de la Mola'}","","07872","1.55493","38.669450000000005"
"{'en_US': 'Balearic Islands'}","{'en_US': 'Ibiza'}","{'en_US': 'Ibiza'}","{'en_US': 'Santa Eulària des Riu'}","{'en_US': 'Santa Eulària des Riu'}","","07840","1.53541","38.98572000000001"
"{'en_US': 'Balearic Islands'}","{'en_US': 'Ibiza'}","{'en_US': 'Ibiza'}","{'en_US': 'Santa Eulària des Riu'}","{'en_US': 'Santa Gertrudis de Fruitera'}","","07814","1.4285","38.99873000000001"
"{'en_US': 'Murcia'}","{'en_US': 'Murcia'}","{'en_US': 'Costa Cálida'}","{'en_US': 'San Javier'}","{'en_US': 'San Javier'}","","30730","-0.83455","37.805960000000006"
"{'en_US': 'Murcia'}","{'en_US': 'Murcia'}","{'en_US': 'Costa Cálida'}","{'en_US': 'San Javier'}","{'en_US': 'Santiago de la Ribera'}","","","0.0","0.0"
"{'en_US': 'Murcia'}","{'en_US': 'Murcia'}","{'en_US': 'Costa Cálida'}","{'en_US': 'San Pedro del Pinatar'}","{'en_US': 'Lo Pacan'}","","30740","-0.7768","37.827000000000005"
"{'en_US': 'Murcia'}","{'en_US': 'Murcia'}","{'en_US': 'Costa Cálida'}","{'en_US': 'San Pedro del Pinatar'}","{'en_US': 'Lo Pagan'}","","30740","-0.77763","37.821700000000014"
"{'en_US': 'Andalucia'}","{'en_US': 'Almería'}","{'en_US': 'Inland Almeria'}","{'en_US': 'Arboleas'}","{'en_US': 'El Germán'}","","04660","0.0","0.0"
"{'en_US': 'Andalucia'}","{'en_US': 'Málaga'}","{'en_US': 'Costa del Sol'}","{'en_US': 'Benalmádena'}","{'en_US': 'Torremar'}","","29630","-4.476080000000001","36.73832000000001"
"{'en_US': 'Murcia'}","{'en_US': 'Murcia'}","{'en_US': 'Costa Cálida'}","{'en_US': 'Torre Pacheco'}","{'en_US': 'Dolores de Pacheco'}","","30739","-0.86868","37.777860000000004"
"{'en_US': 'Murcia'}","{'en_US': 'Murcia'}","{'en_US': 'Noroeste'}","{'en_US': 'Caravaca de la Cruz'}","{'en_US': 'Caravaca de la Cruz'}","","30400","-1.85974","38.106500000000004"
"{'en_US': 'Valencia Community'}","{'en_US': 'Alicante'}","{'en_US': 'Costa Blanca South'}","{'en_US': 'Guardamar del Segura'}","{'en_US': 'Guardamar del Segura'}","","03140","-0.65381","38.09000000000001"
"{'en_US': 'Valencia Community'}","{'en_US': 'Alicante'}","{'en_US': 'Costa Blanca South'}","{'en_US': 'La Marina'}","{'en_US': 'San Fulgencio'}","","03177","-0.71844","38.112060000000014"
"{'en_US': 'Murcia'}","{'en_US': 'Murcia'}","{'en_US': 'Río Mula'}","{'en_US': 'Albudeite'}","{'en_US': 'Albudeite'}","","30190","-1.38546","38.027570000000004"
"{'en_US': 'Valencia Community'}","{'en_US': 'Alicante'}","{'en_US': 'Costa Blanca North'}","{'en_US': 'Javea'}","{'en_US': 'Javea'}","","03730","0.16333","38.789390000000004"
"{'en_US': 'Murcia'}","{'en_US': 'Murcia'}","{'en_US': 'Valle de Ricote'}","{'en_US': 'Villanueva del Segura'}","{'en_US': 'Villanueva del Segura'}","","30613","-0.67615","37.98687000000001"
"{'en_US': 'Murcia'}","{'en_US': 'Murcia'}","{'en_US': 'Vega Alta'}","{'en_US': 'Blanca'}","{'en_US': 'Blanca'}","","30540","-1.37418","38.178810000000006"
"{'en_US': 'Andalucia'}","{'en_US': 'Almería'}","{'en_US': 'Inland Almeria'}","{'en_US': 'Níjar'}","{'en_US': 'Puebloblanco'}","","04117","0.0","0.0"
"{'en_US': 'Andalucia'}","{'en_US': 'Almería'}","{'en_US': 'Inland Almeria'}","{'en_US': 'Níjar'}","{'en_US': 'Rodalquilar'}","","04115","0.0","0.0"
"{'en_US': 'Andalucia'}","{'en_US': 'Almería'}","{'en_US': 'Inland Almeria'}","{'en_US': 'Níjar'}","{'en_US': 'San José'}","","04118","0.0","0.0"
"{'en_US': 'Andalucia'}","{'en_US': 'Almería'}","{'en_US': 'Inland Almeria'}","{'en_US': 'Líjar'}","{'en_US': 'Líjar'}","","04859","0.0","0.0"
"{'en_US': 'Valencia Community'}","{'en_US': 'Alicante'}","{'en_US': 'Costa Blanca South'}","{'en_US': 'Villamartín'}","{'en_US': 'Villamartin'}","","03189","-0.756252","37.94094200000002"
"{'en_US': 'Valencia Community'}","{'en_US': 'Alicante'}","{'en_US': 'Marina Alta'}","{'en_US': 'La Vall de Gallinera'}","{'en_US': 'La Vall de Gallinera'}","","03787","-0.22337","38.82023000000001"
"{'en_US': 'Murcia'}","{'en_US': 'Murcia'}","{'en_US': 'Vega Media'}","{'en_US': 'Las Torres de Cotillas'}","{'en_US': 'Las Torres de Cotillas'}","","30565","-1.24164","38.03127000000001"
"{'en_US': 'Valencia Community'}","{'en_US': 'Alicante'}","{'en_US': 'Costa Blanca South'}","{'en_US': 'Orihuela Costa'}","{'en_US': 'Montepinar'}","","03316","-1.09538","38.040070000000014"
"{'en_US': 'Valencia Community'}","{'en_US': 'Alicante'}","{'en_US': 'La Vega Baja'}","{'en_US': 'Cox'}","{'en_US': 'Cox'}","","03350","-0.88716","38.14132000000001"
"{'en_US': 'Andalucia'}","{'en_US': 'Granada'}","{'en_US': 'Costa Tropical'}","{'en_US': 'Almuñécar'}","{'en_US': 'La Herradura'}","","18697","-3.737600000000001","36.73491000000001"
"{'en_US': 'Murcia'}","{'en_US': 'Murcia'}","{'en_US': 'Noroeste'}","{'en_US': 'Bullas'}","{'en_US': 'Bullas'}","","30180","-1.67034","38.04979000000001"
"{'en_US': 'Valencia Community'}","{'en_US': 'Alicante'}","{'en_US': 'Costa Blanca North'}","{'en_US': 'Alicante'}","{'en_US': 'El Xinorlet'}","","03649","-0.964608717","38.41635970000002"
"{'en_US': 'Murcia'}","{'en_US': 'Murcia'}","{'en_US': 'Costa Cálida'}","{'en_US': 'Cartagena'}","{'en_US': 'Mar de Cristal'}","","30384","-0.76823","37.64083000000001"
"{'en_US': 'Andalucia'}","{'en_US': 'Cadiz'}","{'en_US': 'Costa de la Luz'}","{'en_US': 'San Roque'}","{'en_US': 'San Enrique'}","","11312","-5.291120000000001","36.30572000000001"
"{'en_US': 'Valencia Community'}","{'en_US': 'Alicante'}","{'en_US': 'Marina Alta'}","{'en_US': 'Senija'}","{'en_US': 'Senija'}","","03729","0.04207","38.72844000000001"
"{'en_US': 'Murcia'}","{'en_US': 'Murcia'}","{'en_US': 'Costa Cálida'}","{'en_US': 'Cartagena'}","{'en_US': 'La Palma'}","","30593","-0.9636","37.68983000000001"
"{'en_US': 'Andalucia'}","{'en_US': 'Málaga'}","{'en_US': 'Serranía de Ronda'}","{'en_US': 'Alpandeire'}","{'en_US': 'Alpandeire'}","","29460","-5.202890000000002","36.63434000000001"
"{'en_US': 'Valencia Community'}","{'en_US': 'Alicante'}","{'en_US': 'Costa Blanca North'}","{'en_US': 'Calpe'}","{'en_US': 'Calpe'}","","03710","0.04541","38.644800000000004"
"{'en_US': 'Andalucia'}","{'en_US': 'Málaga'}","{'en_US': 'Axarquía'}","{'en_US': 'Cómpeta'}","{'en_US': 'Cómpeta'}","","29754","-3.974700000000001","36.832820000000005"
"{'en_US': 'Andalucia'}","{'en_US': 'Málaga'}","{'en_US': 'Costa del Sol'}","{'en_US': 'Málaga'}","{'en_US': 'Cruz de Humilladero'}","","29006","-4.448590000000001","36.712990000000005"
"{'en_US': 'Balearic Islands'}","{'en_US': 'Mallorca'}","{'en_US': 'Mallorca'}","{'en_US': 'Bunyola'}","{'en_US': 'Bunyola'}","","7110","2.700730000000001","39.696470000000005"
"{'en_US': 'Balearic Islands'}","{'en_US': 'Mallorca'}","{'en_US': 'Mallorca'}","{'en_US': 'Calvià'}","{'en_US': 'Las Abubillas'}","","7180","2.487870000000001","39.510360000000006"
"{'en_US': 'Balearic Islands'}","{'en_US': 'Mallorca'}","{'en_US': 'Mallorca'}","{'en_US': 'Marratxí'}","{'en_US': 'Pont d’Inca'}","","7141","2.692810000000001","39.59870000000001"
"{'en_US': 'Balearic Islands'}","{'en_US': 'Mallorca'}","{'en_US': 'Mallorca'}","{'en_US': 'Escorca'}","{'en_US': 'Lluc'}","","7315","2.88399","39.82242000000001"
"{'en_US': 'Balearic Islands'}","{'en_US': 'Mallorca'}","{'en_US': 'Mallorca'}","{'en_US': 'Palma'}","{'en_US': 'El Arenal'}","","7600","2.754970000000001","39.50012000000001"
"{'en_US': 'Valencia Community'}","{'en_US': 'Valencia'}","{'en_US': 'Costa de Valencia'}","{'en_US': 'Potries'}","{'en_US': 'Potries'}","","46721","0.0","0.0"
"{'en_US': 'Murcia'}","{'en_US': 'Murcia'}","{'en_US': 'Vega Media'}","{'en_US': 'Alguazas'}","{'en_US': 'Alguazas'}","","30560","-1.24164","38.051500000000004"
"{'en_US': 'Valencia Community'}","{'en_US': 'Alicante'}","{'en_US': 'Medio Vinalopó'}","{'en_US': 'Hondón de los Frailes'}","{'en_US': 'Hondón de los Frailes'}","","03689","-0.92999","38.27579000000001"
"{'en_US': 'Valencia Community'}","{'en_US': 'Valencia'}","{'en_US': 'Costa de Valencia'}","{'en_US': 'Beniflá'}","{'en_US': 'Beniflá'}","","46722","-0.1884609","38.92827590000002"
"{'en_US': 'Valencia Community'}","{'en_US': 'Valencia'}","{'en_US': 'Costa de Valencia'}","{'en_US': 'Palmera'}","{'en_US': 'Palmera'}","","46714","0.0","0.0"
"{'en_US': 'Valencia Community'}","{'en_US': 'Alicante'}","{'en_US': 'Costa Blanca North'}","{'en_US': 'Confrides'}","{'en_US': 'Confrides'}","","03517","-0.26843","38.68332000000001"
"{'en_US': 'Andalucia'}","{'en_US': 'Almería'}","{'en_US': 'Inland Almeria'}","{'en_US': 'Níjar'}","{'en_US': 'Las Negras'}","","04116","0.0","0.0"
"{'en_US': 'Valencia Community'}","{'en_US': 'Alicante'}","{'en_US': 'Costa Blanca South'}","{'en_US': 'Almoradí'}","{'en_US': 'Daya Nueva'}","","03159","-0.76093","38.113890000000005"
"{'en_US': 'Valencia Community'}","{'en_US': 'Alicante'}","{'en_US': 'Marina Alta'}","{'en_US': 'Pedreguer'}","{'en_US': 'Pedreguer'}","","03750","0.03433","38.79384000000001"
"{'en_US': 'Valencia Community'}","{'en_US': 'Alicante'}","{'en_US': 'Costa Blanca North'}","{'en_US': 'Benitachell'}","{'en_US': 'Benitachell'}","","03726","0.14407","38.732490000000006"
"{'en_US': 'Valencia Community'}","{'en_US': 'Alicante'}","{'en_US': 'Costa Blanca South'}","{'en_US': 'Gran Alacant'}","{'en_US': 'El Pinet'}","","03194","-0.33862","38.98311000000001"
"{'en_US': 'Valencia Community'}","{'en_US': 'Alicante'}","{'en_US': 'Costa Blanca North'}","{'en_US': 'Bolulla'}","{'en_US': 'Bolulla'}","","03518","-0.11221","38.67660000000001"
"{'en_US': 'Balearic Islands'}","{'en_US': 'Mallorca'}","{'en_US': 'Mallorca'}","{'en_US': 'Calvià'}","{'en_US': 'Peguera'}","","7160","2.449780000000001","39.537850000000006"
"{'en_US': 'Balearic Islands'}","{'en_US': 'Mallorca'}","{'en_US': 'Mallorca'}","{'en_US': 'Andratx'}","{'en_US': 'Andratx'}","","7150","2.420210000000001","39.574600000000004"
"{'en_US': 'Balearic Islands'}","{'en_US': 'Mallorca'}","{'en_US': 'Mallorca'}","{'en_US': 'Santanyí'}","{'en_US': 'Alquería Blanca'}","","7691","3.164140000000001","39.387640000000005"
"{'en_US': 'Valencia Community'}","{'en_US': 'Alicante'}","{'en_US': 'Costa Blanca South'}","{'en_US': 'Ciudad Quesada / Rojales'}","{'en_US': 'Ciudad Quesada'}","","03170","-0.71767","38.06445000000001"
"{'en_US': 'Valencia Community'}","{'en_US': 'Alicante'}","{'en_US': 'Costa Blanca North'}","{'en_US': 'Alicante'}","{'en_US': 'Alicante'}","","03001","-0.49018","38.35374000000001"
"{'en_US': 'Valencia Community'}","{'en_US': 'Alicante'}","{'en_US': 'Costa Blanca North'}","{'en_US': 'Alicante'}","{'en_US': 'Busot'}","","03111","0.0","0.0"
"{'en_US': 'Balearic Islands'}","{'en_US': 'Mallorca'}","{'en_US': 'Mallorca'}","{'en_US': 'Llucmajor'}","{'en_US': 'sa Torre'}","","7609","2.758630000000001","39.442800000000005"
"{'en_US': 'Balearic Islands'}","{'en_US': 'Mallorca'}","{'en_US': 'Mallorca'}","{'en_US': 'Manacor'}","{'en_US': 'Cala Romantica'}","","7688","3.26739","39.449990000000014"
"{'en_US': 'Valencia Community'}","{'en_US': 'Alicante'}","{'en_US': 'Costa Blanca South'}","{'en_US': 'Torrevieja'}","{'en_US': 'Cabo Cervera'}","","03188","-0.653932716","38.00578640000001"
"{'en_US': 'Murcia'}","{'en_US': 'Murcia'}","{'en_US': 'Costa Cálida'}","{'en_US': 'Los Alcázares'}","{'en_US': 'Serena Golf'}","","30710","-0.86758","37.72847000000001"
"{'en_US': 'Murcia'}","{'en_US': 'Murcia'}","{'en_US': 'Costa Cálida'}","{'en_US': 'Murcia'}","{'en_US': 'Altaona Golf & Country Village - Baños y Mendigo'}","","30155","-1.10573","37.86930000000001"
"{'en_US': 'Valencia Community'}","{'en_US': 'Valencia'}","{'en_US': 'Costa de Valencia'}","{'en_US': 'Puçol'}","{'en_US': 'Puçol'}","","46530","0.0","0.0"
"{'en_US': 'Valencia Community'}","{'en_US': 'Alicante'}","{'en_US': 'Costa Blanca South'}","{'en_US': 'Villamartín'}","{'en_US': 'Blue Lagoon'}","","03193","-0.856331312","37.94132740000001"
"{'en_US': 'Valencia Community'}","{'en_US': 'Alicante'}","{'en_US': 'Costa Blanca North'}","{'en_US': 'Teulada'}","{'en_US': 'Moraira'}","","03724","0.13446","38.68809000000001"
"{'en_US': 'Valencia Community'}","{'en_US': 'Alicante'}","{'en_US': 'Costa Blanca South'}","{'en_US': 'Torrevieja'}","{'en_US': 'Bigastro'}","","03380","-0.89968","38.06282000000001"
"{'en_US': 'Valencia Community'}","{'en_US': 'Alicante'}","{'en_US': 'Costa Blanca North'}","{'en_US': 'Alicante'}","{'en_US': 'Agost'}","","03698","-0.63894","38.43867000000001"
"{'en_US': 'Valencia Community'}","{'en_US': 'Alicante'}","{'en_US': 'Comtat'}","{'en_US': 'Alcoleja'}","{'en_US': 'Alcoleja'}","","03814","-0.33113","38.675590000000014"
"{'en_US': 'Valencia Community'}","{'en_US': 'Alicante'}","{'en_US': 'Marina Baja'}","{'en_US': 'Orcheta'}","{'en_US': 'Orcheta'}","","03579","-0.273862716","38.56312150000002"
"{'en_US': 'Andalucia'}","{'en_US': 'Almería'}","{'en_US': 'Inland Almeria'}","{'en_US': 'Paterna del Río'}","{'en_US': 'Paterna del Río'}","","04479","0.0","0.0"
"{'en_US': 'Andalucia'}","{'en_US': 'Málaga'}","{'en_US': 'Costa del Sol'}","{'en_US': 'Marbella'}","{'en_US': 'Carib Playa'}","","29604","-4.885800000000001","36.515400000000014"
"{'en_US': 'Andalucia'}","{'en_US': 'Granada'}","{'en_US': 'Costa Tropical'}","{'en_US': 'Polopos'}","{'en_US': 'La Mamola'}","","18750","0.0","0.0"
"{'en_US': 'Andalucia'}","{'en_US': 'Granada'}","{'en_US': 'Costa Tropical'}","{'en_US': 'Polopos'}","{'en_US': 'Polopos'}","","18710","-3.437700000000001","36.79457000000001"
"{'en_US': 'Valencia Community'}","{'en_US': 'Alicante'}","{'en_US': 'Costa Blanca South'}","{'en_US': 'Torrevieja'}","{'en_US': 'Playa de los Locos'}","","03180","0.0","0.0"
"{'en_US': 'Valencia Community'}","{'en_US': 'Alicante'}","{'en_US': 'Costa Blanca South'}","{'en_US': 'Torrevieja'}","{'en_US': 'Playa del Acequion'}","","03180","0.0","0.0"
"{'en_US': 'Valencia Community'}","{'en_US': 'Alicante'}","{'en_US': 'Costa Blanca South'}","{'en_US': 'Torrevieja'}","{'en_US': 'Playa del Cura'}","","03182","0.0","0.0"
"{'en_US': 'Balearic Islands'}","{'en_US': 'Mallorca'}","{'en_US': 'Mallorca'}","{'en_US': 'Manacor'}","{'en_US': 'Cala Santanyí'}","","7659","3.144190000000001","39.33158000000001"
"{'en_US': 'Balearic Islands'}","{'en_US': 'Mallorca'}","{'en_US': 'Mallorca'}","{'en_US': 'Calvià'}","{'en_US': ""Costa d'en Blanes""}","","7181","2.565300000000001","39.539080000000006"
"{'en_US': 'Valencia Community'}","{'en_US': 'Alicante'}","{'en_US': 'Costa Blanca South'}","{'en_US': 'Gran Alacant'}","{'en_US': 'El Altet'}","","03195","0.0","0.0"
"{'en_US': 'Valencia Community'}","{'en_US': 'Alicante'}","{'en_US': 'Alto Vinalopó'}","{'en_US': 'Villena'}","{'en_US': 'Villena'}","","03400","-0.86597","38.636100000000006"
"{'en_US': 'Balearic Islands'}","{'en_US': 'Mallorca'}","{'en_US': 'Mallorca'}","{'en_US': 'Felanitx'}","{'en_US': 'Son Mesquida'}","","7209","3.08721","39.482710000000004"
"{'en_US': 'Balearic Islands'}","{'en_US': 'Mallorca'}","{'en_US': 'Mallorca'}","{'en_US': 'Manacor'}","{'en_US': 'Cala Domingos'}","","7689","3.278340000000001","39.469080000000005"
"{'en_US': 'Balearic Islands'}","{'en_US': 'Mallorca'}","{'en_US': 'Mallorca'}","{'en_US': 'Felanitx'}","{'en_US': 'Felanitx'}","","7200","3.14994","39.471740000000004"
"{'en_US': 'Valencia Community'}","{'en_US': 'Valencia'}","{'en_US': 'Costa de Valencia'}","{'en_US': ""Algímia d'Alfara""}","{'en_US': ""Algímia d'Alfara""}","","46013","-0.3629991","39.75360430000002"
"{'en_US': 'Balearic Islands'}","{'en_US': 'Mallorca'}","{'en_US': 'Mallorca'}","{'en_US': 'Calvià'}","{'en_US': 'sa Porrassa'}","","7181","2.517350000000001","39.500110000000014"
"{'en_US': 'Balearic Islands'}","{'en_US': 'Mallorca'}","{'en_US': 'Mallorca'}","{'en_US': 'Felanitx'}","{'en_US': ""Cas Concos d'es Cavaller""}","","7208","3.13717","39.418530000000004"
"{'en_US': 'Balearic Islands'}","{'en_US': 'Mallorca'}","{'en_US': 'Mallorca'}","{'en_US': 'Felanitx'}","{'en_US': 'Es Carritxo'}","","7208","3.165340000000001","39.42477000000001"
"{'en_US': 'Valencia Community'}","{'en_US': 'Alicante'}","{'en_US': 'Costa Blanca South'}","{'en_US': 'Gran Alacant'}","{'en_US': 'Valverde'}","","03139","-0.60363","38.22863000000001"
"{'en_US': 'Valencia Community'}","{'en_US': 'Alicante'}","{'en_US': 'Costa Blanca South'}","{'en_US': 'Ciudad Quesada / Rojales'}","{'en_US': 'Lo Crispin'}","","03176","-0.759212614","38.05057380000001"
"{'en_US': 'Valencia Community'}","{'en_US': 'Alicante'}","{'en_US': 'Costa Blanca South'}","{'en_US': 'Pilar de la Horadada'}","{'en_US': 'Mil Palmeras'}","","03191","-0.75558","37.891670000000005"
"{'en_US': 'Valencia Community'}","{'en_US': 'Alicante'}","{'en_US': 'Costa Blanca North'}","{'en_US': 'Alicante'}","{'en_US': 'Moralet'}","","03699","-0.654246512","38.445506900000005"
"{'en_US': 'Valencia Community'}","{'en_US': 'Alicante'}","{'en_US': 'Hoja de Alcoy'}","{'en_US': 'Penàguila'}","{'en_US': 'Penàguila'}","","03815","-0.35904","38.67942000000001"
"{'en_US': 'Murcia'}","{'en_US': 'Murcia'}","{'en_US': 'Altiplano'}","{'en_US': 'Yecla'}","{'en_US': 'Yecla'}","","30510","-1.11568","38.61361000000001"
"{'en_US': 'Balearic Islands'}","{'en_US': 'Mallorca'}","{'en_US': 'Mallorca'}","{'en_US': 'Calvià'}","{'en_US': 'Son Font'}","","7184","2.51564","39.581250000000004"
"{'en_US': 'Balearic Islands'}","{'en_US': 'Mallorca'}","{'en_US': 'Mallorca'}","{'en_US': 'Escorca'}","{'en_US': 'Sa Calobra'}","","7315","2.799360000000001","39.849010000000014"
"{'en_US': 'Valencia Community'}","{'en_US': 'Valencia'}","{'en_US': 'Costa de Valencia'}","{'en_US': 'Cullera'}","{'en_US': 'Cullera'}","","46400","0.0","0.0"
"{'en_US': 'Valencia Community'}","{'en_US': 'Alicante'}","{'en_US': 'Costa Blanca South'}","{'en_US': 'Gran Alacant'}","{'en_US': 'Daimés'}","","03294","-0.69639","38.214290000000005"
"{'en_US': 'Valencia Community'}","{'en_US': 'Alicante'}","{'en_US': 'Medio Vinalopó'}","{'en_US': 'Hondón de las Nieves'}","{'en_US': 'La Canalosa'}","","03688","-0.936873618","38.30507090000001"
"{'en_US': 'Valencia Community'}","{'en_US': 'Alicante'}","{'en_US': 'Costa Blanca South'}","{'en_US': 'Torrevieja'}","{'en_US': 'Aguas Nuevas'}","","03183","0.0","0.0"
"{'en_US': 'Valencia Community'}","{'en_US': 'Alicante'}","{'en_US': 'La Vega Baja'}","{'en_US': 'Rafal'}","{'en_US': 'Mudamiento'}","","03369","-0.83639","38.11920000000001"
"{'en_US': 'Valencia Community'}","{'en_US': 'Alicante'}","{'en_US': 'La Vega Baja'}","{'en_US': 'Rafal'}","{'en_US': 'Rafal'}","","03369","-0.84994","38.103620000000014"
"{'en_US': 'Valencia Community'}","{'en_US': 'Valencia'}","{'en_US': 'Costa de Valencia'}","{'en_US': 'Ròtova'}","{'en_US': 'Ròtova'}","","46725","0.0","0.0"
"{'en_US': 'Valencia Community'}","{'en_US': 'Valencia'}","{'en_US': 'Costa de Valencia'}","{'en_US': 'Tavernes de la Valldigna'}","{'en_US': 'Tavernes de la Valldigna'}","","46760","0.0","0.0"
"{'en_US': 'Valencia Community'}","{'en_US': 'Valencia'}","{'en_US': 'Costa de Valencia'}","{'en_US': 'Villalonga'}","{'en_US': 'Villalonga'}","","46720","0.0","0.0"
"{'en_US': 'Murcia'}","{'en_US': 'Murcia'}","{'en_US': 'Huerta de Murcia'}","{'en_US': 'Sucina'}","{'en_US': 'Sucina'}","","30590","-0.93902","37.88909000000001"
"{'en_US': 'Murcia'}","{'en_US': 'Murcia'}","{'en_US': 'Huerta de Murcia'}","{'en_US': 'Sucina'}","{'en_US': 'Peraleja Golf Resort'}","","30590","-0.96065","37.88281000000001"
"{'en_US': 'Murcia'}","{'en_US': 'Murcia'}","{'en_US': 'Noroeste'}","{'en_US': 'Calasparra'}","{'en_US': 'Calasparra'}","","30420","-1.7","38.230950000000014"
"{'en_US': 'Valencia Community'}","{'en_US': 'Valencia'}","{'en_US': 'Valle de Albaida'}","{'en_US': 'Ontinyent'}","{'en_US': 'Ontinyent'}","","46870","0.0","0.0"
"{'en_US': 'Andalucia'}","{'en_US': 'Málaga'}","{'en_US': 'Antequera'}","{'en_US': 'Humilladero'}","{'en_US': 'Humilladero'}","","29531","-4.703130000000001","37.11341000000001"
"{'en_US': 'Murcia'}","{'en_US': 'Murcia'}","{'en_US': 'Huerta de Murcia'}","{'en_US': 'Alcantarilla'}","{'en_US': 'Alcantarilla'}","","30820","-1.21499","37.967470000000006"
"{'en_US': 'Murcia'}","{'en_US': 'Murcia'}","{'en_US': 'Huerta de Murcia'}","{'en_US': 'Beniel'}","{'en_US': 'Beniel'}","","30130","-1.00128","38.04690000000001"
"{'en_US': 'Andalucia'}","{'en_US': 'Málaga'}","{'en_US': 'Antequera'}","{'en_US': 'Antequera'}","{'en_US': 'Bobadilla'}","","29540","-4.698196618000003","37.04153410000002"
"{'en_US': 'Valencia Community'}","{'en_US': 'Alicante'}","{'en_US': 'Comtat'}","{'en_US': 'Balones'}","{'en_US': 'Balones'}","","03812","-0.34248","38.73662000000001"
"{'en_US': 'Valencia Community'}","{'en_US': 'Alicante'}","{'en_US': 'Costa Blanca North'}","{'en_US': 'El Campello'}","{'en_US': 'Mutxamel'}","","03110","-0.44515","38.41344000000001"
"{'en_US': 'Valencia Community'}","{'en_US': 'Alicante'}","{'en_US': 'Alto Vinalopó'}","{'en_US': 'Beneixama'}","{'en_US': 'Beneixama'}","","03460","-0.76414","38.700880000000005"
"{'en_US': 'Murcia'}","{'en_US': 'Murcia'}","{'en_US': 'Costa Cálida'}","{'en_US': 'Murcia'}","{'en_US': 'El Mojón'}","","30130","1.021055413","38.02712520000002"
"{'en_US': 'Murcia'}","{'en_US': 'Murcia'}","{'en_US': 'Costa Cálida'}","{'en_US': 'Cartagena'}","{'en_US': 'Cabo de Palos'}","","30370","0.0","0.0"
"{'en_US': 'Valencia Community'}","{'en_US': 'Valencia'}","{'en_US': 'Costa de Valencia'}","{'en_US': 'Sollana'}","{'en_US': 'Sollana'}","","46430","0.0","0.0"
"{'en_US': 'Murcia'}","{'en_US': 'Murcia'}","{'en_US': 'Vega Media'}","{'en_US': 'Molina de Segura'}","{'en_US': 'Molina de Segura'}","","30500","-1.20623","38.058040000000005"
"{'en_US': 'Valencia Community'}","{'en_US': 'Alicante'}","{'en_US': 'Costa Blanca South'}","{'en_US': 'Orihuela Costa'}","{'en_US': 'Lo Romero Golf'}","","03191","-0.82562","37.88268000000001"
"{'en_US': 'Murcia'}","{'en_US': 'Murcia'}","{'en_US': 'Alto Guadalentín'}","{'en_US': 'Puerto Lumbreras'}","{'en_US': 'Puerto Lumbreras'}","","30890","-1.80762","37.563500000000005"
"{'en_US': 'Valencia Community'}","{'en_US': 'Alicante'}","{'en_US': 'Costa Blanca South'}","{'en_US': 'La Marina'}","{'en_US': 'La Marina'}","","03194","-0.6456","38.14580000000001"
"{'en_US': 'Murcia'}","{'en_US': 'Murcia'}","{'en_US': 'Valle de Ricote'}","{'en_US': 'Ulea'}","{'en_US': 'Ulea'}","","30612","-1.33217","38.137710000000006"
"{'en_US': 'Andalucia'}","{'en_US': 'Málaga'}","{'en_US': 'Antequera'}","{'en_US': 'Villanueva de la Concepción'}","{'en_US': 'Villanueva de la Concepción'}","","29230","-4.530450000000001","36.931900000000006"
"{'en_US': 'Andalucia'}","{'en_US': 'Almería'}","{'en_US': 'Inland Almeria'}","{'en_US': 'Pulpí'}","{'en_US': 'Aguilon Golf'}","","04648","-1.713310000000001","37.36110000000001"
"{'en_US': 'Murcia'}","{'en_US': 'Murcia'}","{'en_US': 'Costa Cálida'}","{'en_US': 'Murcia'}","{'en_US': 'Altaona Golf and Country Village'}","","30155","-1.10353","37.869460000000004"
"{'en_US': 'Andalucia'}","{'en_US': 'Málaga'}","{'en_US': 'Serranía de Ronda'}","{'en_US': 'Gaucín'}","{'en_US': 'Estación de Gaucín'}","","29490","-5.389405300000003","36.54037200000001"
"{'en_US': 'Andalucia'}","{'en_US': 'Málaga'}","{'en_US': 'Valle del Guadalhorce'}","{'en_US': 'Pizarra'}","{'en_US': 'Zalea'}","","29569","-4.911027400000003","36.76740260000001"
"{'en_US': 'Andalucia'}","{'en_US': 'Granada'}","{'en_US': 'Granada'}","{'en_US': 'Agrón'}","{'en_US': 'Agrón'}","","","0.0","0.0"
"{'en_US': 'Andalucia'}","{'en_US': 'Seville'}","{'en_US': 'Sierra Sur de Sevilla'}","{'en_US': 'La Roda de Andalucía'}","{'en_US': 'La Roda de Andalucía'}","","","0.0","0.0"
"{'en_US': 'Andalucia'}","{'en_US': 'Seville'}","{'en_US': 'Sierra Sur de Sevilla'}","{'en_US': 'Pruna'}","{'en_US': 'Pruna'}","","","0.0","0.0"
"{'en_US': 'Valencia Community'}","{'en_US': 'Castellón'}","{'en_US': 'Oropesa del Mar'}","{'en_US': 'Oropesa del Mar'}","{'en_US': ""Marina d'Or""}","","12594","0.13518715","40.10597050000001"
"{'en_US': 'Valencia Community'}","{'en_US': 'Castellón'}","{'en_US': 'Plana Alta'}","{'en_US': 'Cabanes'}","{'en_US': 'Cabanes'}","","12180","-0.05715111","40.14069740000002"
"{'en_US': 'Murcia'}","{'en_US': 'Murcia'}","{'en_US': 'Costa Cálida'}","{'en_US': 'Cartagena'}","{'en_US': 'Los Nietos - Mar Menor'}","","30383","-0.8287163","37.65061330000002"
"{'en_US': 'Valencia Community'}","{'en_US': 'Valencia'}","{'en_US': 'Costa de Valencia'}","{'en_US': 'Bonrepòs i Mirambell'}","{'en_US': 'Bonrepòs i Mirambell'}","","46131","-0.3652984","39.51738220000002"
"{'en_US': 'Valencia Community'}","{'en_US': 'Valencia'}","{'en_US': 'Costa de Valencia'}","{'en_US': 'Llocnou de Sant Jeroni'}","{'en_US': 'Llocnou de Sant Jeroni'}","","46726","0.0","0.0"
"{'en_US': 'Andalucia'}","{'en_US': 'Málaga'}","{'en_US': 'Antequera'}","{'en_US': 'Casabermeja'}","{'en_US': 'Casabermeja'}","","29160","-4.428790000000001","36.893530000000005"
"{'en_US': 'Andalucia'}","{'en_US': 'Málaga'}","{'en_US': 'Antequera'}","{'en_US': 'Alameda'}","{'en_US': 'Alameda'}","","29530","-4.658200000000002","37.207710000000006"
"{'en_US': 'Andalucia'}","{'en_US': 'Málaga'}","{'en_US': 'Antequera'}","{'en_US': 'Antequera'}","{'en_US': 'Antequera'}","","29200","-4.559660000000001","37.018370000000004"
"{'en_US': 'Valencia Community'}","{'en_US': 'Valencia'}","{'en_US': 'Costa de Valencia'}","{'en_US': 'Vinalesa'}","{'en_US': 'Vinalesa'}","","46114","0.0","0.0"
"{'en_US': 'Murcia'}","{'en_US': 'Murcia'}","{'en_US': 'Costa Cálida'}","{'en_US': 'Murcia'}","{'en_US': 'Altaona Golf & Country Village - Baños y Mendigo'}","{'en_US': 'Altaona Sports and Welness resort'}","30155","0.0","0.0"
"{'en_US': 'Murcia'}","{'en_US': 'Murcia'}","{'en_US': 'Costa Cálida'}","{'en_US': 'San Javier'}","{'en_US': 'La Manga del Mar Menor'}","{'en_US': 'Babilonia Urbanizacion'}","30380","-0.71651","37.64129000000001"
"{'en_US': 'Murcia'}","{'en_US': 'Murcia'}","{'en_US': 'Costa Cálida'}","{'en_US': 'Cartagena'}","{'en_US': 'Cabo de Palos'}","{'en_US': 'Cala Flores'}","30370","0.0","0.0"
"{'en_US': 'Valencia Community'}","{'en_US': 'Alicante'}","{'en_US': 'Costa Blanca North'}","{'en_US': 'Alicante'}","{'en_US': 'Monóvar'}","{'en_US': 'Casas del Señor'}","03649","0.0","0.0"
"{'en_US': 'Valencia Community'}","{'en_US': 'Alicante'}","{'en_US': 'Medio Vinalopó'}","{'en_US': 'Pinoso/El Pinós'}","{'en_US': 'Pinoso/El Pinós'}","{'en_US': 'Diseminado Rodriguillo'}","03659","0.0","0.0"
"{'en_US': 'Valencia Community'}","{'en_US': 'Alicante'}","{'en_US': 'Costa Blanca South'}","{'en_US': 'Villamartín'}","{'en_US': 'Villamartin'}","{'en_US': 'El Galan'}","03189","0.0","0.0"
"{'en_US': 'Murcia'}","{'en_US': 'Murcia'}","{'en_US': 'Costa Cálida'}","{'en_US': 'Cartagena'}","{'en_US': 'La Manga Golf Club'}","{'en_US': 'La Manga club'}","30389","-0.7368","37.72530000000001"
"{'en_US': 'Andalucia'}","{'en_US': 'Málaga'}","{'en_US': 'Costa del Sol'}","{'en_US': 'Estepona'}","{'en_US': 'Selwo'}","{'en_US': 'Marina Hills'}","29680","0.0","0.0"
"{'en_US': 'Andalucia'}","{'en_US': 'Málaga'}","{'en_US': 'Costa del Sol East'}","{'en_US': 'Torrox'}","{'en_US': 'Torrox Costa'}","{'en_US': 'Penoncillo Torrox Costa'}","29770","-3.949668500000002","36.72966970000002"
"{'en_US': 'Murcia'}","{'en_US': 'Murcia'}","{'en_US': 'Huerta de Murcia'}","{'en_US': 'Sucina'}","{'en_US': 'Sucina'}","{'en_US': 'Peraleja Golf Resort'}","30590","0.0","0.0"
"{'en_US': 'Murcia'}","{'en_US': 'Murcia'}","{'en_US': 'Huerta de Murcia'}","{'en_US': 'Sucina'}","{'en_US': 'Sucina'}","{'en_US': 'Perlaje Golf Resort'}","30590","0.0","0.0"
"{'en_US': 'Andalucia'}","{'en_US': 'Málaga'}","{'en_US': 'Costa del Sol'}","{'en_US': 'Marbella'}","{'en_US': 'Marbella'}","{'en_US': 'Rio Real'}","29603","-4.885800000000001","36.51540000000002"
"{'en_US': 'Murcia'}","{'en_US': 'Murcia'}","{'en_US': 'Valle de Ricote'}","{'en_US': 'Archena'}","{'en_US': 'Archena'}","{'en_US': 'Spa Valley Archena'}","30600","0.0","0.0"
"{'en_US': 'Murcia'}","{'en_US': 'Murcia'}","{'en_US': 'Costa Cálida'}","{'en_US': 'San Javier'}","{'en_US': 'La Manga del Mar Menor'}","{'en_US': 'Veneciola'}","30380","0.0","0.0"
"{'en_US': 'Andalucia'}","{'en_US': 'Granada'}","{'en_US': 'Granada'}","{'en_US': 'Orce'}","{'en_US': 'Orce'}","{'en_US': 'Venta Micena'}","18858","-2.410291700000002","37.69765880000002"
